graph_a,graph_b,space_a,lens_a,space_b,lens_b,metric_zscore_l2_distance,common_metric_count,metrics_used
joint_density_cubes10_overlap0p35,joint_domain_cubes10_overlap0p35,joint,density,joint,domain,3.7540045145546923,10,"n_nodes, n_edges, beta_0, beta_1, graph_density, average_degree, average_clustering, mean_node_size, mean_node_imputation_fraction, mean_node_physically_derived_fraction"
joint_density_cubes10_overlap0p35,joint_pca2_cubes10_overlap0p35,joint,density,joint,pca2,3.8913110744094763,10,"n_nodes, n_edges, beta_0, beta_1, graph_density, average_degree, average_clustering, mean_node_size, mean_node_imputation_fraction, mean_node_physically_derived_fraction"
joint_density_cubes10_overlap0p35,joint_no_density_density_cubes10_overlap0p35,joint,density,joint_no_density,density,1.3997968198595663,10,"n_nodes, n_edges, beta_0, beta_1, graph_density, average_degree, average_clustering, mean_node_size, mean_node_imputation_fraction, mean_node_physically_derived_fraction"
joint_density_cubes10_overlap0p35,joint_no_density_domain_cubes10_overlap0p35,joint,density,joint_no_density,domain,9.840382719249067,10,"n_nodes, n_edges, beta_0, beta_1, graph_density, average_degree, average_clustering, mean_node_size, mean_node_imputation_fraction, mean_node_physically_derived_fraction"
joint_density_cubes10_overlap0p35,joint_no_density_pca2_cubes10_overlap0p35,joint,density,joint_no_density,pca2,3.6078901865848,10,"n_nodes, n_edges, beta_0, beta_1, graph_density, average_degree, average_clustering, mean_node_size, mean_node_imputation_fraction, mean_node_physically_derived_fraction"
joint_density_cubes10_overlap0p35,orb_thermal_density_cubes10_overlap0p35,joint,density,orb_thermal,density,1.6279787688591751,10,"n_nodes, n_edges, beta_0, beta_1, graph_density, average_degree, average_clustering, mean_node_size, mean_node_imputation_fraction, mean_node_physically_derived_fraction"
joint_density_cubes10_overlap0p35,orb_thermal_domain_cubes10_overlap0p35,joint,density,orb_thermal,domain,4.885280949776172,10,"n_nodes, n_edges, beta_0, beta_1, graph_density, average_degree, average_clustering, mean_node_size, mean_node_imputation_fraction, mean_node_physically_derived_fraction"
joint_density_cubes10_overlap0p35,orb_thermal_pca2_cubes10_overlap0p35,joint,density,orb_thermal,pca2,4.350069934533308,10,"n_nodes, n_edges, beta_0, beta_1, graph_density, average_degree, average_clustering, mean_node_size, mean_node_imputation_fraction, mean_node_physically_derived_fraction"
joint_density_cubes10_overlap0p35,orbital_density_cubes10_overlap0p35,joint,density,orbital,density,2.992408609275185,10,"n_nodes, n_edges, beta_0, beta_1, graph_density, average_degree, average_clustering, mean_node_size, mean_node_imputation_fraction, mean_node_physically_derived_fraction"
joint_density_cubes10_overlap0p35,orbital_domain_cubes10_overlap0p35,joint,density,orbital,domain,4.517925199465625,10,"n_nodes, n_edges, beta_0, beta_1, graph_density, average_degree, average_clustering, mean_node_size, mean_node_imputation_fraction, mean_node_physically_derived_fraction"
joint_density_cubes10_overlap0p35,orbital_pca2_cubes10_overlap0p35,joint,density,orbital,pca2,2.8936329402270218,10,"n_nodes, n_edges, beta_0, beta_1, graph_density, average_degree, average_clustering, mean_node_size, mean_node_imputation_fraction, mean_node_physically_derived_fraction"
joint_density_cubes10_overlap0p35,phys_density_density_cubes10_overlap0p35,joint,density,phys_density,density,4.3912079918112985,10,"n_nodes, n_edges, beta_0, beta_1, graph_density, average_degree, average_clustering, mean_node_size, mean_node_imputation_fraction, mean_node_physically_derived_fraction"
joint_density_cubes10_overlap0p35,phys_density_domain_cubes10_overlap0p35,joint,density,phys_density,domain,3.4902317479744065,10,"n_nodes, n_edges, beta_0, beta_1, graph_density, average_degree, average_clustering, mean_node_size, mean_node_imputation_fraction, mean_node_physically_derived_fraction"
joint_density_cubes10_overlap0p35,phys_density_pca2_cubes10_overlap0p35,joint,density,phys_density,pca2,4.257796381977459,10,"n_nodes, n_edges, beta_0, beta_1, graph_density, average_degree, average_clustering, mean_node_size, mean_node_imputation_fraction, mean_node_physically_derived_fraction"
joint_density_cubes10_overlap0p35,phys_min_density_cubes10_overlap0p35,joint,density,phys_min,density,3.331267424986328,10,"n_nodes, n_edges, beta_0, beta_1, graph_density, average_degree, average_clustering, mean_node_size, mean_node_imputation_fraction, mean_node_physically_derived_fraction"
joint_density_cubes10_overlap0p35,phys_min_domain_cubes10_overlap0p35,joint,density,phys_min,domain,3.531842681630453,10,"n_nodes, n_edges, beta_0, beta_1, graph_density, average_degree, average_clustering, mean_node_size, mean_node_imputation_fraction, mean_node_physically_derived_fraction"
joint_density_cubes10_overlap0p35,phys_min_pca2_cubes10_overlap0p35,joint,density,phys_min,pca2,3.916313094028251,10,"n_nodes, n_edges, beta_0, beta_1, graph_density, average_degree, average_clustering, mean_node_size, mean_node_imputation_fraction, mean_node_physically_derived_fraction"
joint_density_cubes10_overlap0p35,thermal_density_cubes10_overlap0p35,joint,density,thermal,density,4.8182913289068,10,"n_nodes, n_edges, beta_0, beta_1, graph_density, average_degree, average_clustering, mean_node_size, mean_node_imputation_fraction, mean_node_physically_derived_fraction"
joint_density_cubes10_overlap0p35,thermal_domain_cubes10_overlap0p35,joint,density,thermal,domain,5.809304577708448,10,"n_nodes, n_edges, beta_0, beta_1, graph_density, average_degree, average_clustering, mean_node_size, mean_node_imputation_fraction, mean_node_physically_derived_fraction"
joint_density_cubes10_overlap0p35,thermal_pca2_cubes10_overlap0p35,joint,density,thermal,pca2,5.401849366076839,10,"n_nodes, n_edges, beta_0, beta_1, graph_density, average_degree, average_clustering, mean_node_size, mean_node_imputation_fraction, mean_node_physically_derived_fraction"
joint_domain_cubes10_overlap0p35,joint_pca2_cubes10_overlap0p35,joint,domain,joint,pca2,1.8955205742993129,10,"n_nodes, n_edges, beta_0, beta_1, graph_density, average_degree, average_clustering, mean_node_size, mean_node_imputation_fraction, mean_node_physically_derived_fraction"
joint_domain_cubes10_overlap0p35,joint_no_density_density_cubes10_overlap0p35,joint,domain,joint_no_density,density,3.4732952668381234,10,"n_nodes, n_edges, beta_0, beta_1, graph_density, average_degree, average_clustering, mean_node_size, mean_node_imputation_fraction, mean_node_physically_derived_fraction"
joint_domain_cubes10_overlap0p35,joint_no_density_domain_cubes10_overlap0p35,joint,domain,joint_no_density,domain,7.330951515000326,10,"n_nodes, n_edges, beta_0, beta_1, graph_density, average_degree, average_clustering, mean_node_size, mean_node_imputation_fraction, mean_node_physically_derived_fraction"
joint_domain_cubes10_overlap0p35,joint_no_density_pca2_cubes10_overlap0p35,joint,domain,joint_no_density,pca2,1.794255803397979,10,"n_nodes, n_edges, beta_0, beta_1, graph_density, average_degree, average_clustering, mean_node_size, mean_node_imputation_fraction, mean_node_physically_derived_fraction"
joint_domain_cubes10_overlap0p35,orb_thermal_density_cubes10_overlap0p35,joint,domain,orb_thermal,density,3.895430307050861,10,"n_nodes, n_edges, beta_0, beta_1, graph_density, average_degree, average_clustering, mean_node_size, mean_node_imputation_fraction, mean_node_physically_derived_fraction"
joint_domain_cubes10_overlap0p35,orb_thermal_domain_cubes10_overlap0p35,joint,domain,orb_thermal,domain,1.8234271003192872,10,"n_nodes, n_edges, beta_0, beta_1, graph_density, average_degree, average_clustering, mean_node_size, mean_node_imputation_fraction, mean_node_physically_derived_fraction"
joint_domain_cubes10_overlap0p35,orb_thermal_pca2_cubes10_overlap0p35,joint,domain,orb_thermal,pca2,1.9310982352223647,10,"n_nodes, n_edges, beta_0, beta_1, graph_density, average_degree, average_clustering, mean_node_size, mean_node_imputation_fraction, mean_node_physically_derived_fraction"
joint_domain_cubes10_overlap0p35,orbital_density_cubes10_overlap0p35,joint,domain,orbital,density,5.192668937382279,10,"n_nodes, n_edges, beta_0, beta_1, graph_density, average_degree, average_clustering, mean_node_size, mean_node_imputation_fraction, mean_node_physically_derived_fraction"
joint_domain_cubes10_overlap0p35,orbital_domain_cubes10_overlap0p35,joint,domain,orbital,domain,3.223546650943865,10,"n_nodes, n_edges, beta_0, beta_1, graph_density, average_degree, average_clustering, mean_node_size, mean_node_imputation_fraction, mean_node_physically_derived_fraction"
joint_domain_cubes10_overlap0p35,orbital_pca2_cubes10_overlap0p35,joint,domain,orbital,pca2,3.604350416645063,10,"n_nodes, n_edges, beta_0, beta_1, graph_density, average_degree, average_clustering, mean_node_size, mean_node_imputation_fraction, mean_node_physically_derived_fraction"
joint_domain_cubes10_overlap0p35,phys_density_density_cubes10_overlap0p35,joint,domain,phys_density,density,2.7637365625877486,10,"n_nodes, n_edges, beta_0, beta_1, graph_density, average_degree, average_clustering, mean_node_size, mean_node_imputation_fraction, mean_node_physically_derived_fraction"
joint_domain_cubes10_overlap0p35,phys_density_domain_cubes10_overlap0p35,joint,domain,phys_density,domain,2.53908402438473,10,"n_nodes, n_edges, beta_0, beta_1, graph_density, average_degree, average_clustering, mean_node_size, mean_node_imputation_fraction, mean_node_physically_derived_fraction"
joint_domain_cubes10_overlap0p35,phys_density_pca2_cubes10_overlap0p35,joint,domain,phys_density,pca2,2.4010978455345864,10,"n_nodes, n_edges, beta_0, beta_1, graph_density, average_degree, average_clustering, mean_node_size, mean_node_imputation_fraction, mean_node_physically_derived_fraction"
joint_domain_cubes10_overlap0p35,phys_min_density_cubes10_overlap0p35,joint,domain,phys_min,density,2.688004606413484,10,"n_nodes, n_edges, beta_0, beta_1, graph_density, average_degree, average_clustering, mean_node_size, mean_node_imputation_fraction, mean_node_physically_derived_fraction"
joint_domain_cubes10_overlap0p35,phys_min_domain_cubes10_overlap0p35,joint,domain,phys_min,domain,2.706947203834515,10,"n_nodes, n_edges, beta_0, beta_1, graph_density, average_degree, average_clustering, mean_node_size, mean_node_imputation_fraction, mean_node_physically_derived_fraction"
joint_domain_cubes10_overlap0p35,phys_min_pca2_cubes10_overlap0p35,joint,domain,phys_min,pca2,2.1821919903730294,10,"n_nodes, n_edges, beta_0, beta_1, graph_density, average_degree, average_clustering, mean_node_size, mean_node_imputation_fraction, mean_node_physically_derived_fraction"
joint_domain_cubes10_overlap0p35,thermal_density_cubes10_overlap0p35,joint,domain,thermal,density,6.912453712774754,10,"n_nodes, n_edges, beta_0, beta_1, graph_density, average_degree, average_clustering, mean_node_size, mean_node_imputation_fraction, mean_node_physically_derived_fraction"
joint_domain_cubes10_overlap0p35,thermal_domain_cubes10_overlap0p35,joint,domain,thermal,domain,4.813340182366276,10,"n_nodes, n_edges, beta_0, beta_1, graph_density, average_degree, average_clustering, mean_node_size, mean_node_imputation_fraction, mean_node_physically_derived_fraction"
joint_domain_cubes10_overlap0p35,thermal_pca2_cubes10_overlap0p35,joint,domain,thermal,pca2,5.176428446200467,10,"n_nodes, n_edges, beta_0, beta_1, graph_density, average_degree, average_clustering, mean_node_size, mean_node_imputation_fraction, mean_node_physically_derived_fraction"
joint_pca2_cubes10_overlap0p35,joint_no_density_density_cubes10_overlap0p35,joint,pca2,joint_no_density,density,3.668612818439557,10,"n_nodes, n_edges, beta_0, beta_1, graph_density, average_degree, average_clustering, mean_node_size, mean_node_imputation_fraction, mean_node_physically_derived_fraction"
joint_pca2_cubes10_overlap0p35,joint_no_density_domain_cubes10_overlap0p35,joint,pca2,joint_no_density,domain,8.716950419132612,10,"n_nodes, n_edges, beta_0, beta_1, graph_density, average_degree, average_clustering, mean_node_size, mean_node_imputation_fraction, mean_node_physically_derived_fraction"
joint_pca2_cubes10_overlap0p35,joint_no_density_pca2_cubes10_overlap0p35,joint,pca2,joint_no_density,pca2,1.428553730517768,10,"n_nodes, n_edges, beta_0, beta_1, graph_density, average_degree, average_clustering, mean_node_size, mean_node_imputation_fraction, mean_node_physically_derived_fraction"
joint_pca2_cubes10_overlap0p35,orb_thermal_density_cubes10_overlap0p35,joint,pca2,orb_thermal,density,4.174419999963641,10,"n_nodes, n_edges, beta_0, beta_1, graph_density, average_degree, average_clustering, mean_node_size, mean_node_imputation_fraction, mean_node_physically_derived_fraction"
joint_pca2_cubes10_overlap0p35,orb_thermal_domain_cubes10_overlap0p35,joint,pca2,orb_thermal,domain,3.115339861453403,10,"n_nodes, n_edges, beta_0, beta_1, graph_density, average_degree, average_clustering, mean_node_size, mean_node_imputation_fraction, mean_node_physically_derived_fraction"
joint_pca2_cubes10_overlap0p35,orb_thermal_pca2_cubes10_overlap0p35,joint,pca2,orb_thermal,pca2,2.4223469250438865,10,"n_nodes, n_edges, beta_0, beta_1, graph_density, average_degree, average_clustering, mean_node_size, mean_node_imputation_fraction, mean_node_physically_derived_fraction"
joint_pca2_cubes10_overlap0p35,orbital_density_cubes10_overlap0p35,joint,pca2,orbital,density,5.927184037051312,10,"n_nodes, n_edges, beta_0, beta_1, graph_density, average_degree, average_clustering, mean_node_size, mean_node_imputation_fraction, mean_node_physically_derived_fraction"
joint_pca2_cubes10_overlap0p35,orbital_domain_cubes10_overlap0p35,joint,pca2,orbital,domain,4.266989884080271,10,"n_nodes, n_edges, beta_0, beta_1, graph_density, average_degree, average_clustering, mean_node_size, mean_node_imputation_fraction, mean_node_physically_derived_fraction"
joint_pca2_cubes10_overlap0p35,orbital_pca2_cubes10_overlap0p35,joint,pca2,orbital,pca2,4.571798965146005,10,"n_nodes, n_edges, beta_0, beta_1, graph_density, average_degree, average_clustering, mean_node_size, mean_node_imputation_fraction, mean_node_physically_derived_fraction"
joint_pca2_cubes10_overlap0p35,phys_density_density_cubes10_overlap0p35,joint,pca2,phys_density,density,4.031816953451359,10,"n_nodes, n_edges, beta_0, beta_1, graph_density, average_degree, average_clustering, mean_node_size, mean_node_imputation_fraction, mean_node_physically_derived_fraction"
joint_pca2_cubes10_overlap0p35,phys_density_domain_cubes10_overlap0p35,joint,pca2,phys_density,domain,3.3057880412886327,10,"n_nodes, n_edges, beta_0, beta_1, graph_density, average_degree, average_clustering, mean_node_size, mean_node_imputation_fraction, mean_node_physically_derived_fraction"
joint_pca2_cubes10_overlap0p35,phys_density_pca2_cubes10_overlap0p35,joint,pca2,phys_density,pca2,3.281577857343463,10,"n_nodes, n_edges, beta_0, beta_1, graph_density, average_degree, average_clustering, mean_node_size, mean_node_imputation_fraction, mean_node_physically_derived_fraction"
joint_pca2_cubes10_overlap0p35,phys_min_density_cubes10_overlap0p35,joint,pca2,phys_min,density,3.8688803278621737,10,"n_nodes, n_edges, beta_0, beta_1, graph_density, average_degree, average_clustering, mean_node_size, mean_node_imputation_fraction, mean_node_physically_derived_fraction"
joint_pca2_cubes10_overlap0p35,phys_min_domain_cubes10_overlap0p35,joint,pca2,phys_min,domain,3.2613003405652914,10,"n_nodes, n_edges, beta_0, beta_1, graph_density, average_degree, average_clustering, mean_node_size, mean_node_imputation_fraction, mean_node_physically_derived_fraction"
joint_pca2_cubes10_overlap0p35,phys_min_pca2_cubes10_overlap0p35,joint,pca2,phys_min,pca2,2.942821155747904,10,"n_nodes, n_edges, beta_0, beta_1, graph_density, average_degree, average_clustering, mean_node_size, mean_node_imputation_fraction, mean_node_physically_derived_fraction"
joint_pca2_cubes10_overlap0p35,thermal_density_cubes10_overlap0p35,joint,pca2,thermal,density,7.446911370521636,10,"n_nodes, n_edges, beta_0, beta_1, graph_density, average_degree, average_clustering, mean_node_size, mean_node_imputation_fraction, mean_node_physically_derived_fraction"
joint_pca2_cubes10_overlap0p35,thermal_domain_cubes10_overlap0p35,joint,pca2,thermal,domain,5.878041035622847,10,"n_nodes, n_edges, beta_0, beta_1, graph_density, average_degree, average_clustering, mean_node_size, mean_node_imputation_fraction, mean_node_physically_derived_fraction"
joint_pca2_cubes10_overlap0p35,thermal_pca2_cubes10_overlap0p35,joint,pca2,thermal,pca2,6.091197550525158,10,"n_nodes, n_edges, beta_0, beta_1, graph_density, average_degree, average_clustering, mean_node_size, mean_node_imputation_fraction, mean_node_physically_derived_fraction"
joint_no_density_density_cubes10_overlap0p35,joint_no_density_domain_cubes10_overlap0p35,joint_no_density,density,joint_no_density,domain,9.40030833959504,10,"n_nodes, n_edges, beta_0, beta_1, graph_density, average_degree, average_clustering, mean_node_size, mean_node_imputation_fraction, mean_node_physically_derived_fraction"
joint_no_density_density_cubes10_overlap0p35,joint_no_density_pca2_cubes10_overlap0p35,joint_no_density,density,joint_no_density,pca2,2.9332930260201655,10,"n_nodes, n_edges, beta_0, beta_1, graph_density, average_degree, average_clustering, mean_node_size, mean_node_imputation_fraction, mean_node_physically_derived_fraction"
joint_no_density_density_cubes10_overlap0p35,orb_thermal_density_cubes10_overlap0p35,joint_no_density,density,orb_thermal,density,0.8769099878610109,10,"n_nodes, n_edges, beta_0, beta_1, graph_density, average_degree, average_clustering, mean_node_size, mean_node_imputation_fraction, mean_node_physically_derived_fraction"
joint_no_density_density_cubes10_overlap0p35,orb_thermal_domain_cubes10_overlap0p35,joint_no_density,density,orb_thermal,domain,4.227029975751577,10,"n_nodes, n_edges, beta_0, beta_1, graph_density, average_degree, average_clustering, mean_node_size, mean_node_imputation_fraction, mean_node_physically_derived_fraction"
joint_no_density_density_cubes10_overlap0p35,orb_thermal_pca2_cubes10_overlap0p35,joint_no_density,density,orb_thermal,pca2,3.6054534948142765,10,"n_nodes, n_edges, beta_0, beta_1, graph_density, average_degree, average_clustering, mean_node_size, mean_node_imputation_fraction, mean_node_physically_derived_fraction"
joint_no_density_density_cubes10_overlap0p35,orbital_density_cubes10_overlap0p35,joint_no_density,density,orbital,density,3.0360539928011514,10,"n_nodes, n_edges, beta_0, beta_1, graph_density, average_degree, average_clustering, mean_node_size, mean_node_imputation_fraction, mean_node_physically_derived_fraction"
joint_no_density_density_cubes10_overlap0p35,orbital_domain_cubes10_overlap0p35,joint_no_density,density,orbital,domain,3.895069099556952,10,"n_nodes, n_edges, beta_0, beta_1, graph_density, average_degree, average_clustering, mean_node_size, mean_node_imputation_fraction, mean_node_physically_derived_fraction"
joint_no_density_density_cubes10_overlap0p35,orbital_pca2_cubes10_overlap0p35,joint_no_density,density,orbital,pca2,2.4785824547345032,10,"n_nodes, n_edges, beta_0, beta_1, graph_density, average_degree, average_clustering, mean_node_size, mean_node_imputation_fraction, mean_node_physically_derived_fraction"
joint_no_density_density_cubes10_overlap0p35,phys_density_density_cubes10_overlap0p35,joint_no_density,density,phys_density,density,4.632919669603778,10,"n_nodes, n_edges, beta_0, beta_1, graph_density, average_degree, average_clustering, mean_node_size, mean_node_imputation_fraction, mean_node_physically_derived_fraction"
joint_no_density_density_cubes10_overlap0p35,phys_density_domain_cubes10_overlap0p35,joint_no_density,density,phys_density,domain,3.8187603620256168,10,"n_nodes, n_edges, beta_0, beta_1, graph_density, average_degree, average_clustering, mean_node_size, mean_node_imputation_fraction, mean_node_physically_derived_fraction"
joint_no_density_density_cubes10_overlap0p35,phys_density_pca2_cubes10_overlap0p35,joint_no_density,density,phys_density,pca2,4.45505054987994,10,"n_nodes, n_edges, beta_0, beta_1, graph_density, average_degree, average_clustering, mean_node_size, mean_node_imputation_fraction, mean_node_physically_derived_fraction"
joint_no_density_density_cubes10_overlap0p35,phys_min_density_cubes10_overlap0p35,joint_no_density,density,phys_min,density,2.6876924811966894,10,"n_nodes, n_edges, beta_0, beta_1, graph_density, average_degree, average_clustering, mean_node_size, mean_node_imputation_fraction, mean_node_physically_derived_fraction"
joint_no_density_density_cubes10_overlap0p35,phys_min_domain_cubes10_overlap0p35,joint_no_density,density,phys_min,domain,2.7278837370149867,10,"n_nodes, n_edges, beta_0, beta_1, graph_density, average_degree, average_clustering, mean_node_size, mean_node_imputation_fraction, mean_node_physically_derived_fraction"
joint_no_density_density_cubes10_overlap0p35,phys_min_pca2_cubes10_overlap0p35,joint_no_density,density,phys_min,pca2,3.1464789895750482,10,"n_nodes, n_edges, beta_0, beta_1, graph_density, average_degree, average_clustering, mean_node_size, mean_node_imputation_fraction, mean_node_physically_derived_fraction"
joint_no_density_density_cubes10_overlap0p35,thermal_density_cubes10_overlap0p35,joint_no_density,density,thermal,density,4.80556327910819,10,"n_nodes, n_edges, beta_0, beta_1, graph_density, average_degree, average_clustering, mean_node_size, mean_node_imputation_fraction, mean_node_physically_derived_fraction"
joint_no_density_density_cubes10_overlap0p35,thermal_domain_cubes10_overlap0p35,joint_no_density,density,thermal,domain,5.254309431930869,10,"n_nodes, n_edges, beta_0, beta_1, graph_density, average_degree, average_clustering, mean_node_size, mean_node_imputation_fraction, mean_node_physically_derived_fraction"
joint_no_density_density_cubes10_overlap0p35,thermal_pca2_cubes10_overlap0p35,joint_no_density,density,thermal,pca2,4.893804082160925,10,"n_nodes, n_edges, beta_0, beta_1, graph_density, average_degree, average_clustering, mean_node_size, mean_node_imputation_fraction, mean_node_physically_derived_fraction"
joint_no_density_domain_cubes10_overlap0p35,joint_no_density_pca2_cubes10_overlap0p35,joint_no_density,domain,joint_no_density,pca2,8.294815772686492,10,"n_nodes, n_edges, beta_0, beta_1, graph_density, average_degree, average_clustering, mean_node_size, mean_node_imputation_fraction, mean_node_physically_derived_fraction"
joint_no_density_domain_cubes10_overlap0p35,orb_thermal_density_cubes10_overlap0p35,joint_no_density,domain,orb_thermal,density,9.480596397318068,10,"n_nodes, n_edges, beta_0, beta_1, graph_density, average_degree, average_clustering, mean_node_size, mean_node_imputation_fraction, mean_node_physically_derived_fraction"
joint_no_density_domain_cubes10_overlap0p35,orb_thermal_domain_cubes10_overlap0p35,joint_no_density,domain,orb_thermal,domain,6.247579989916679,10,"n_nodes, n_edges, beta_0, beta_1, graph_density, average_degree, average_clustering, mean_node_size, mean_node_imputation_fraction, mean_node_physically_derived_fraction"
joint_no_density_domain_cubes10_overlap0p35,orb_thermal_pca2_cubes10_overlap0p35,joint_no_density,domain,orb_thermal,pca2,7.2756748521760635,10,"n_nodes, n_edges, beta_0, beta_1, graph_density, average_degree, average_clustering, mean_node_size, mean_node_imputation_fraction, mean_node_physically_derived_fraction"
joint_no_density_domain_cubes10_overlap0p35,orbital_density_cubes10_overlap0p35,joint_no_density,domain,orbital,density,9.719561554731238,10,"n_nodes, n_edges, beta_0, beta_1, graph_density, average_degree, average_clustering, mean_node_size, mean_node_imputation_fraction, mean_node_physically_derived_fraction"
joint_no_density_domain_cubes10_overlap0p35,orbital_domain_cubes10_overlap0p35,joint_no_density,domain,orbital,domain,7.256195965905933,10,"n_nodes, n_edges, beta_0, beta_1, graph_density, average_degree, average_clustering, mean_node_size, mean_node_imputation_fraction, mean_node_physically_derived_fraction"
joint_no_density_domain_cubes10_overlap0p35,orbital_pca2_cubes10_overlap0p35,joint_no_density,domain,orbital,pca2,8.472433528717312,10,"n_nodes, n_edges, beta_0, beta_1, graph_density, average_degree, average_clustering, mean_node_size, mean_node_imputation_fraction, mean_node_physically_derived_fraction"
joint_no_density_domain_cubes10_overlap0p35,phys_density_density_cubes10_overlap0p35,joint_no_density,domain,phys_density,density,7.4088637848701975,10,"n_nodes, n_edges, beta_0, beta_1, graph_density, average_degree, average_clustering, mean_node_size, mean_node_imputation_fraction, mean_node_physically_derived_fraction"
joint_no_density_domain_cubes10_overlap0p35,phys_density_domain_cubes10_overlap0p35,joint_no_density,domain,phys_density,domain,8.247414564229764,10,"n_nodes, n_edges, beta_0, beta_1, graph_density, average_degree, average_clustering, mean_node_size, mean_node_imputation_fraction, mean_node_physically_derived_fraction"
joint_no_density_domain_cubes10_overlap0p35,phys_density_pca2_cubes10_overlap0p35,joint_no_density,domain,phys_density,pca2,7.578364746714727,10,"n_nodes, n_edges, beta_0, beta_1, graph_density, average_degree, average_clustering, mean_node_size, mean_node_imputation_fraction, mean_node_physically_derived_fraction"
joint_no_density_domain_cubes10_overlap0p35,phys_min_density_cubes10_overlap0p35,joint_no_density,domain,phys_min,density,7.6137289415848155,10,"n_nodes, n_edges, beta_0, beta_1, graph_density, average_degree, average_clustering, mean_node_size, mean_node_imputation_fraction, mean_node_physically_derived_fraction"
joint_no_density_domain_cubes10_overlap0p35,phys_min_domain_cubes10_overlap0p35,joint_no_density,domain,phys_min,domain,8.166974206965092,10,"n_nodes, n_edges, beta_0, beta_1, graph_density, average_degree, average_clustering, mean_node_size, mean_node_imputation_fraction, mean_node_physically_derived_fraction"
joint_no_density_domain_cubes10_overlap0p35,phys_min_pca2_cubes10_overlap0p35,joint_no_density,domain,phys_min,pca2,7.573337035716785,10,"n_nodes, n_edges, beta_0, beta_1, graph_density, average_degree, average_clustering, mean_node_size, mean_node_imputation_fraction, mean_node_physically_derived_fraction"
joint_no_density_domain_cubes10_overlap0p35,thermal_density_cubes10_overlap0p35,joint_no_density,domain,thermal,density,10.732821267069033,10,"n_nodes, n_edges, beta_0, beta_1, graph_density, average_degree, average_clustering, mean_node_size, mean_node_imputation_fraction, mean_node_physically_derived_fraction"
joint_no_density_domain_cubes10_overlap0p35,thermal_domain_cubes10_overlap0p35,joint_no_density,domain,thermal,domain,7.2524803986762105,10,"n_nodes, n_edges, beta_0, beta_1, graph_density, average_degree, average_clustering, mean_node_size, mean_node_imputation_fraction, mean_node_physically_derived_fraction"
joint_no_density_domain_cubes10_overlap0p35,thermal_pca2_cubes10_overlap0p35,joint_no_density,domain,thermal,pca2,8.200088703512295,10,"n_nodes, n_edges, beta_0, beta_1, graph_density, average_degree, average_clustering, mean_node_size, mean_node_imputation_fraction, mean_node_physically_derived_fraction"
joint_no_density_pca2_cubes10_overlap0p35,orb_thermal_density_cubes10_overlap0p35,joint_no_density,pca2,orb_thermal,density,3.433586913480913,10,"n_nodes, n_edges, beta_0, beta_1, graph_density, average_degree, average_clustering, mean_node_size, mean_node_imputation_fraction, mean_node_physically_derived_fraction"
joint_no_density_pca2_cubes10_overlap0p35,orb_thermal_domain_cubes10_overlap0p35,joint_no_density,pca2,orb_thermal,domain,2.4238946654357343,10,"n_nodes, n_edges, beta_0, beta_1, graph_density, average_degree, average_clustering, mean_node_size, mean_node_imputation_fraction, mean_node_physically_derived_fraction"
joint_no_density_pca2_cubes10_overlap0p35,orb_thermal_pca2_cubes10_overlap0p35,joint_no_density,pca2,orb_thermal,pca2,1.6692384981475497,10,"n_nodes, n_edges, beta_0, beta_1, graph_density, average_degree, average_clustering, mean_node_size, mean_node_imputation_fraction, mean_node_physically_derived_fraction"
joint_no_density_pca2_cubes10_overlap0p35,orbital_density_cubes10_overlap0p35,joint_no_density,pca2,orbital,density,5.239144363919025,10,"n_nodes, n_edges, beta_0, beta_1, graph_density, average_degree, average_clustering, mean_node_size, mean_node_imputation_fraction, mean_node_physically_derived_fraction"
joint_no_density_pca2_cubes10_overlap0p35,orbital_domain_cubes10_overlap0p35,joint_no_density,pca2,orbital,domain,3.6642441134201547,10,"n_nodes, n_edges, beta_0, beta_1, graph_density, average_degree, average_clustering, mean_node_size, mean_node_imputation_fraction, mean_node_physically_derived_fraction"
joint_no_density_pca2_cubes10_overlap0p35,orbital_pca2_cubes10_overlap0p35,joint_no_density,pca2,orbital,pca2,3.8237538493879626,10,"n_nodes, n_edges, beta_0, beta_1, graph_density, average_degree, average_clustering, mean_node_size, mean_node_imputation_fraction, mean_node_physically_derived_fraction"
joint_no_density_pca2_cubes10_overlap0p35,phys_density_density_cubes10_overlap0p35,joint_no_density,pca2,phys_density,density,4.206214795375338,10,"n_nodes, n_edges, beta_0, beta_1, graph_density, average_degree, average_clustering, mean_node_size, mean_node_imputation_fraction, mean_node_physically_derived_fraction"
joint_no_density_pca2_cubes10_overlap0p35,phys_density_domain_cubes10_overlap0p35,joint_no_density,pca2,phys_density,domain,3.6564488568357505,10,"n_nodes, n_edges, beta_0, beta_1, graph_density, average_degree, average_clustering, mean_node_size, mean_node_imputation_fraction, mean_node_physically_derived_fraction"
joint_no_density_pca2_cubes10_overlap0p35,phys_density_pca2_cubes10_overlap0p35,joint_no_density,pca2,phys_density,pca2,3.7087315496955355,10,"n_nodes, n_edges, beta_0, beta_1, graph_density, average_degree, average_clustering, mean_node_size, mean_node_imputation_fraction, mean_node_physically_derived_fraction"
joint_no_density_pca2_cubes10_overlap0p35,phys_min_density_cubes10_overlap0p35,joint_no_density,pca2,phys_min,density,3.016180884707342,10,"n_nodes, n_edges, beta_0, beta_1, graph_density, average_degree, average_clustering, mean_node_size, mean_node_imputation_fraction, mean_node_physically_derived_fraction"
joint_no_density_pca2_cubes10_overlap0p35,phys_min_domain_cubes10_overlap0p35,joint_no_density,pca2,phys_min,domain,2.5917161613452007,10,"n_nodes, n_edges, beta_0, beta_1, graph_density, average_degree, average_clustering, mean_node_size, mean_node_imputation_fraction, mean_node_physically_derived_fraction"
joint_no_density_pca2_cubes10_overlap0p35,phys_min_pca2_cubes10_overlap0p35,joint_no_density,pca2,phys_min,pca2,2.239589539481046,10,"n_nodes, n_edges, beta_0, beta_1, graph_density, average_degree, average_clustering, mean_node_size, mean_node_imputation_fraction, mean_node_physically_derived_fraction"
joint_no_density_pca2_cubes10_overlap0p35,thermal_density_cubes10_overlap0p35,joint_no_density,pca2,thermal,density,6.730587942436088,10,"n_nodes, n_edges, beta_0, beta_1, graph_density, average_degree, average_clustering, mean_node_size, mean_node_imputation_fraction, mean_node_physically_derived_fraction"
joint_no_density_pca2_cubes10_overlap0p35,thermal_domain_cubes10_overlap0p35,joint_no_density,pca2,thermal,domain,5.123783413666337,10,"n_nodes, n_edges, beta_0, beta_1, graph_density, average_degree, average_clustering, mean_node_size, mean_node_imputation_fraction, mean_node_physically_derived_fraction"
joint_no_density_pca2_cubes10_overlap0p35,thermal_pca2_cubes10_overlap0p35,joint_no_density,pca2,thermal,pca2,5.318895384860641,10,"n_nodes, n_edges, beta_0, beta_1, graph_density, average_degree, average_clustering, mean_node_size, mean_node_imputation_fraction, mean_node_physically_derived_fraction"
orb_thermal_density_cubes10_overlap0p35,orb_thermal_domain_cubes10_overlap0p35,orb_thermal,density,orb_thermal,domain,4.4486464568618365,10,"n_nodes, n_edges, beta_0, beta_1, graph_density, average_degree, average_clustering, mean_node_size, mean_node_imputation_fraction, mean_node_physically_derived_fraction"
orb_thermal_density_cubes10_overlap0p35,orb_thermal_pca2_cubes10_overlap0p35,orb_thermal,density,orb_thermal,pca2,3.794042588241438,10,"n_nodes, n_edges, beta_0, beta_1, graph_density, average_degree, average_clustering, mean_node_size, mean_node_imputation_fraction, mean_node_physically_derived_fraction"
orb_thermal_density_cubes10_overlap0p35,orbital_density_cubes10_overlap0p35,orb_thermal,density,orbital,density,2.7546436263045964,10,"n_nodes, n_edges, beta_0, beta_1, graph_density, average_degree, average_clustering, mean_node_size, mean_node_imputation_fraction, mean_node_physically_derived_fraction"
orb_thermal_density_cubes10_overlap0p35,orbital_domain_cubes10_overlap0p35,orb_thermal,density,orbital,domain,4.02244263853211,10,"n_nodes, n_edges, beta_0, beta_1, graph_density, average_degree, average_clustering, mean_node_size, mean_node_imputation_fraction, mean_node_physically_derived_fraction"
orb_thermal_density_cubes10_overlap0p35,orbital_pca2_cubes10_overlap0p35,orb_thermal,density,orbital,pca2,2.4850828725577463,10,"n_nodes, n_edges, beta_0, beta_1, graph_density, average_degree, average_clustering, mean_node_size, mean_node_imputation_fraction, mean_node_physically_derived_fraction"
orb_thermal_density_cubes10_overlap0p35,phys_density_density_cubes10_overlap0p35,orb_thermal,density,phys_density,density,4.813163482872889,10,"n_nodes, n_edges, beta_0, beta_1, graph_density, average_degree, average_clustering, mean_node_size, mean_node_imputation_fraction, mean_node_physically_derived_fraction"
orb_thermal_density_cubes10_overlap0p35,phys_density_domain_cubes10_overlap0p35,orb_thermal,density,phys_density,domain,4.070266974780474,10,"n_nodes, n_edges, beta_0, beta_1, graph_density, average_degree, average_clustering, mean_node_size, mean_node_imputation_fraction, mean_node_physically_derived_fraction"
orb_thermal_density_cubes10_overlap0p35,phys_density_pca2_cubes10_overlap0p35,orb_thermal,density,phys_density,pca2,4.731082418488899,10,"n_nodes, n_edges, beta_0, beta_1, graph_density, average_degree, average_clustering, mean_node_size, mean_node_imputation_fraction, mean_node_physically_derived_fraction"
orb_thermal_density_cubes10_overlap0p35,phys_min_density_cubes10_overlap0p35,orb_thermal,density,phys_min,density,2.917270901101872,10,"n_nodes, n_edges, beta_0, beta_1, graph_density, average_degree, average_clustering, mean_node_size, mean_node_imputation_fraction, mean_node_physically_derived_fraction"
orb_thermal_density_cubes10_overlap0p35,phys_min_domain_cubes10_overlap0p35,orb_thermal,density,phys_min,domain,3.1155915450856138,10,"n_nodes, n_edges, beta_0, beta_1, graph_density, average_degree, average_clustering, mean_node_size, mean_node_imputation_fraction, mean_node_physically_derived_fraction"
orb_thermal_density_cubes10_overlap0p35,phys_min_pca2_cubes10_overlap0p35,orb_thermal,density,phys_min,pca2,3.555847426952065,10,"n_nodes, n_edges, beta_0, beta_1, graph_density, average_degree, average_clustering, mean_node_size, mean_node_imputation_fraction, mean_node_physically_derived_fraction"
orb_thermal_density_cubes10_overlap0p35,thermal_density_cubes10_overlap0p35,orb_thermal,density,thermal,density,4.095511200186427,10,"n_nodes, n_edges, beta_0, beta_1, graph_density, average_degree, average_clustering, mean_node_size, mean_node_imputation_fraction, mean_node_physically_derived_fraction"
orb_thermal_density_cubes10_overlap0p35,thermal_domain_cubes10_overlap0p35,orb_thermal,density,thermal,domain,4.878717440805932,10,"n_nodes, n_edges, beta_0, beta_1, graph_density, average_degree, average_clustering, mean_node_size, mean_node_imputation_fraction, mean_node_physically_derived_fraction"
orb_thermal_density_cubes10_overlap0p35,thermal_pca2_cubes10_overlap0p35,orb_thermal,density,thermal,pca2,4.356899351308727,10,"n_nodes, n_edges, beta_0, beta_1, graph_density, average_degree, average_clustering, mean_node_size, mean_node_imputation_fraction, mean_node_physically_derived_fraction"
orb_thermal_domain_cubes10_overlap0p35,orb_thermal_pca2_cubes10_overlap0p35,orb_thermal,domain,orb_thermal,pca2,1.3847816104754593,10,"n_nodes, n_edges, beta_0, beta_1, graph_density, average_degree, average_clustering, mean_node_size, mean_node_imputation_fraction, mean_node_physically_derived_fraction"
orb_thermal_domain_cubes10_overlap0p35,orbital_density_cubes10_overlap0p35,orb_thermal,domain,orbital,density,5.628500685580693,10,"n_nodes, n_edges, beta_0, beta_1, graph_density, average_degree, average_clustering, mean_node_size, mean_node_imputation_fraction, mean_node_physically_derived_fraction"
orb_thermal_domain_cubes10_overlap0p35,orbital_domain_cubes10_overlap0p35,orb_thermal,domain,orbital,domain,2.9643355245082774,10,"n_nodes, n_edges, beta_0, beta_1, graph_density, average_degree, average_clustering, mean_node_size, mean_node_imputation_fraction, mean_node_physically_derived_fraction"
orb_thermal_domain_cubes10_overlap0p35,orbital_pca2_cubes10_overlap0p35,orb_thermal,domain,orbital,pca2,3.9131518282265825,10,"n_nodes, n_edges, beta_0, beta_1, graph_density, average_degree, average_clustering, mean_node_size, mean_node_imputation_fraction, mean_node_physically_derived_fraction"
orb_thermal_domain_cubes10_overlap0p35,phys_density_density_cubes10_overlap0p35,orb_thermal,domain,phys_density,density,3.538517584345797,10,"n_nodes, n_edges, beta_0, beta_1, graph_density, average_degree, average_clustering, mean_node_size, mean_node_imputation_fraction, mean_node_physically_derived_fraction"
orb_thermal_domain_cubes10_overlap0p35,phys_density_domain_cubes10_overlap0p35,orb_thermal,domain,phys_density,domain,3.7601297312896436,10,"n_nodes, n_edges, beta_0, beta_1, graph_density, average_degree, average_clustering, mean_node_size, mean_node_imputation_fraction, mean_node_physically_derived_fraction"
orb_thermal_domain_cubes10_overlap0p35,phys_density_pca2_cubes10_overlap0p35,orb_thermal,domain,phys_density,pca2,3.4341591351304506,10,"n_nodes, n_edges, beta_0, beta_1, graph_density, average_degree, average_clustering, mean_node_size, mean_node_imputation_fraction, mean_node_physically_derived_fraction"
orb_thermal_domain_cubes10_overlap0p35,phys_min_density_cubes10_overlap0p35,orb_thermal,domain,phys_min,density,2.8049277773855623,10,"n_nodes, n_edges, beta_0, beta_1, graph_density, average_degree, average_clustering, mean_node_size, mean_node_imputation_fraction, mean_node_physically_derived_fraction"
orb_thermal_domain_cubes10_overlap0p35,phys_min_domain_cubes10_overlap0p35,orb_thermal,domain,phys_min,domain,3.0474778078733125,10,"n_nodes, n_edges, beta_0, beta_1, graph_density, average_degree, average_clustering, mean_node_size, mean_node_imputation_fraction, mean_node_physically_derived_fraction"
orb_thermal_domain_cubes10_overlap0p35,phys_min_pca2_cubes10_overlap0p35,orb_thermal,domain,phys_min,pca2,2.334103013723847,10,"n_nodes, n_edges, beta_0, beta_1, graph_density, average_degree, average_clustering, mean_node_size, mean_node_imputation_fraction, mean_node_physically_derived_fraction"
orb_thermal_domain_cubes10_overlap0p35,thermal_density_cubes10_overlap0p35,orb_thermal,domain,thermal,density,6.929290596358116,10,"n_nodes, n_edges, beta_0, beta_1, graph_density, average_degree, average_clustering, mean_node_size, mean_node_imputation_fraction, mean_node_physically_derived_fraction"
orb_thermal_domain_cubes10_overlap0p35,thermal_domain_cubes10_overlap0p35,orb_thermal,domain,thermal,domain,3.7860610976694837,10,"n_nodes, n_edges, beta_0, beta_1, graph_density, average_degree, average_clustering, mean_node_size, mean_node_imputation_fraction, mean_node_physically_derived_fraction"
orb_thermal_domain_cubes10_overlap0p35,thermal_pca2_cubes10_overlap0p35,orb_thermal,domain,thermal,pca2,4.420557454076013,10,"n_nodes, n_edges, beta_0, beta_1, graph_density, average_degree, average_clustering, mean_node_size, mean_node_imputation_fraction, mean_node_physically_derived_fraction"
orb_thermal_pca2_cubes10_overlap0p35,orbital_density_cubes10_overlap0p35,orb_thermal,pca2,orbital,density,5.519491195987985,10,"n_nodes, n_edges, beta_0, beta_1, graph_density, average_degree, average_clustering, mean_node_size, mean_node_imputation_fraction, mean_node_physically_derived_fraction"
orb_thermal_pca2_cubes10_overlap0p35,orbital_domain_cubes10_overlap0p35,orb_thermal,pca2,orbital,domain,3.0848154843581836,10,"n_nodes, n_edges, beta_0, beta_1, graph_density, average_degree, average_clustering, mean_node_size, mean_node_imputation_fraction, mean_node_physically_derived_fraction"
orb_thermal_pca2_cubes10_overlap0p35,orbital_pca2_cubes10_overlap0p35,orb_thermal,pca2,orbital,pca2,3.898073537906495,10,"n_nodes, n_edges, beta_0, beta_1, graph_density, average_degree, average_clustering, mean_node_size, mean_node_imputation_fraction, mean_node_physically_derived_fraction"
orb_thermal_pca2_cubes10_overlap0p35,phys_density_density_cubes10_overlap0p35,orb_thermal,pca2,phys_density,density,3.9573779384091794,10,"n_nodes, n_edges, beta_0, beta_1, graph_density, average_degree, average_clustering, mean_node_size, mean_node_imputation_fraction, mean_node_physically_derived_fraction"
orb_thermal_pca2_cubes10_overlap0p35,phys_density_domain_cubes10_overlap0p35,orb_thermal,pca2,phys_density,domain,3.6945509950780573,10,"n_nodes, n_edges, beta_0, beta_1, graph_density, average_degree, average_clustering, mean_node_size, mean_node_imputation_fraction, mean_node_physically_derived_fraction"
orb_thermal_pca2_cubes10_overlap0p35,phys_density_pca2_cubes10_overlap0p35,orb_thermal,pca2,phys_density,pca2,3.5667981081229376,10,"n_nodes, n_edges, beta_0, beta_1, graph_density, average_degree, average_clustering, mean_node_size, mean_node_imputation_fraction, mean_node_physically_derived_fraction"
orb_thermal_pca2_cubes10_overlap0p35,phys_min_density_cubes10_overlap0p35,orb_thermal,pca2,phys_min,density,2.9833422897722364,10,"n_nodes, n_edges, beta_0, beta_1, graph_density, average_degree, average_clustering, mean_node_size, mean_node_imputation_fraction, mean_node_physically_derived_fraction"
orb_thermal_pca2_cubes10_overlap0p35,phys_min_domain_cubes10_overlap0p35,orb_thermal,pca2,phys_min,domain,2.6611509507601676,10,"n_nodes, n_edges, beta_0, beta_1, graph_density, average_degree, average_clustering, mean_node_size, mean_node_imputation_fraction, mean_node_physically_derived_fraction"
orb_thermal_pca2_cubes10_overlap0p35,phys_min_pca2_cubes10_overlap0p35,orb_thermal,pca2,phys_min,pca2,2.1666759159742526,10,"n_nodes, n_edges, beta_0, beta_1, graph_density, average_degree, average_clustering, mean_node_size, mean_node_imputation_fraction, mean_node_physically_derived_fraction"
orb_thermal_pca2_cubes10_overlap0p35,thermal_density_cubes10_overlap0p35,orb_thermal,pca2,thermal,density,6.625199085768096,10,"n_nodes, n_edges, beta_0, beta_1, graph_density, average_degree, average_clustering, mean_node_size, mean_node_imputation_fraction, mean_node_physically_derived_fraction"
orb_thermal_pca2_cubes10_overlap0p35,thermal_domain_cubes10_overlap0p35,orb_thermal,pca2,thermal,domain,3.95912144237102,10,"n_nodes, n_edges, beta_0, beta_1, graph_density, average_degree, average_clustering, mean_node_size, mean_node_imputation_fraction, mean_node_physically_derived_fraction"
orb_thermal_pca2_cubes10_overlap0p35,thermal_pca2_cubes10_overlap0p35,orb_thermal,pca2,thermal,pca2,4.3323184187701145,10,"n_nodes, n_edges, beta_0, beta_1, graph_density, average_degree, average_clustering, mean_node_size, mean_node_imputation_fraction, mean_node_physically_derived_fraction"
orbital_density_cubes10_overlap0p35,orbital_domain_cubes10_overlap0p35,orbital,density,orbital,domain,4.559568888388327,10,"n_nodes, n_edges, beta_0, beta_1, graph_density, average_degree, average_clustering, mean_node_size, mean_node_imputation_fraction, mean_node_physically_derived_fraction"
orbital_density_cubes10_overlap0p35,orbital_pca2_cubes10_overlap0p35,orbital,density,orbital,pca2,2.1773156556829556,10,"n_nodes, n_edges, beta_0, beta_1, graph_density, average_degree, average_clustering, mean_node_size, mean_node_imputation_fraction, mean_node_physically_derived_fraction"
orbital_density_cubes10_overlap0p35,phys_density_density_cubes10_overlap0p35,orbital,density,phys_density,density,5.01084691825519,10,"n_nodes, n_edges, beta_0, beta_1, graph_density, average_degree, average_clustering, mean_node_size, mean_node_imputation_fraction, mean_node_physically_derived_fraction"
orbital_density_cubes10_overlap0p35,phys_density_domain_cubes10_overlap0p35,orbital,density,phys_density,domain,4.781041450970031,10,"n_nodes, n_edges, beta_0, beta_1, graph_density, average_degree, average_clustering, mean_node_size, mean_node_imputation_fraction, mean_node_physically_derived_fraction"
orbital_density_cubes10_overlap0p35,phys_density_pca2_cubes10_overlap0p35,orbital,density,phys_density,pca2,5.407479984584401,10,"n_nodes, n_edges, beta_0, beta_1, graph_density, average_degree, average_clustering, mean_node_size, mean_node_imputation_fraction, mean_node_physically_derived_fraction"
orbital_density_cubes10_overlap0p35,phys_min_density_cubes10_overlap0p35,orbital,density,phys_min,density,3.2808966988941033,10,"n_nodes, n_edges, beta_0, beta_1, graph_density, average_degree, average_clustering, mean_node_size, mean_node_imputation_fraction, mean_node_physically_derived_fraction"
orbital_density_cubes10_overlap0p35,phys_min_domain_cubes10_overlap0p35,orbital,density,phys_min,domain,4.391450399274391,10,"n_nodes, n_edges, beta_0, beta_1, graph_density, average_degree, average_clustering, mean_node_size, mean_node_imputation_fraction, mean_node_physically_derived_fraction"
orbital_density_cubes10_overlap0p35,phys_min_pca2_cubes10_overlap0p35,orbital,density,phys_min,pca2,4.7467867666531856,10,"n_nodes, n_edges, beta_0, beta_1, graph_density, average_degree, average_clustering, mean_node_size, mean_node_imputation_fraction, mean_node_physically_derived_fraction"
orbital_density_cubes10_overlap0p35,thermal_density_cubes10_overlap0p35,orbital,density,thermal,density,3.014996186021247,10,"n_nodes, n_edges, beta_0, beta_1, graph_density, average_degree, average_clustering, mean_node_size, mean_node_imputation_fraction, mean_node_physically_derived_fraction"
orbital_density_cubes10_overlap0p35,thermal_domain_cubes10_overlap0p35,orbital,density,thermal,domain,5.156766437041089,10,"n_nodes, n_edges, beta_0, beta_1, graph_density, average_degree, average_clustering, mean_node_size, mean_node_imputation_fraction, mean_node_physically_derived_fraction"
orbital_density_cubes10_overlap0p35,thermal_pca2_cubes10_overlap0p35,orbital,density,thermal,pca2,4.580622013183489,10,"n_nodes, n_edges, beta_0, beta_1, graph_density, average_degree, average_clustering, mean_node_size, mean_node_imputation_fraction, mean_node_physically_derived_fraction"
orbital_domain_cubes10_overlap0p35,orbital_pca2_cubes10_overlap0p35,orbital,domain,orbital,pca2,2.488779018515997,10,"n_nodes, n_edges, beta_0, beta_1, graph_density, average_degree, average_clustering, mean_node_size, mean_node_imputation_fraction, mean_node_physically_derived_fraction"
orbital_domain_cubes10_overlap0p35,phys_density_density_cubes10_overlap0p35,orbital,domain,phys_density,density,3.086901815917946,10,"n_nodes, n_edges, beta_0, beta_1, graph_density, average_degree, average_clustering, mean_node_size, mean_node_imputation_fraction, mean_node_physically_derived_fraction"
orbital_domain_cubes10_overlap0p35,phys_density_domain_cubes10_overlap0p35,orbital,domain,phys_density,domain,3.052534234289292,10,"n_nodes, n_edges, beta_0, beta_1, graph_density, average_degree, average_clustering, mean_node_size, mean_node_imputation_fraction, mean_node_physically_derived_fraction"
orbital_domain_cubes10_overlap0p35,phys_density_pca2_cubes10_overlap0p35,orbital,domain,phys_density,pca2,3.0468691498714997,10,"n_nodes, n_edges, beta_0, beta_1, graph_density, average_degree, average_clustering, mean_node_size, mean_node_imputation_fraction, mean_node_physically_derived_fraction"
orbital_domain_cubes10_overlap0p35,phys_min_density_cubes10_overlap0p35,orbital,domain,phys_min,density,1.822232138191709,10,"n_nodes, n_edges, beta_0, beta_1, graph_density, average_degree, average_clustering, mean_node_size, mean_node_imputation_fraction, mean_node_physically_derived_fraction"
orbital_domain_cubes10_overlap0p35,phys_min_domain_cubes10_overlap0p35,orbital,domain,phys_min,domain,1.740236512692285,10,"n_nodes, n_edges, beta_0, beta_1, graph_density, average_degree, average_clustering, mean_node_size, mean_node_imputation_fraction, mean_node_physically_derived_fraction"
orbital_domain_cubes10_overlap0p35,phys_min_pca2_cubes10_overlap0p35,orbital,domain,phys_min,pca2,1.6493478553140477,10,"n_nodes, n_edges, beta_0, beta_1, graph_density, average_degree, average_clustering, mean_node_size, mean_node_imputation_fraction, mean_node_physically_derived_fraction"
orbital_domain_cubes10_overlap0p35,thermal_density_cubes10_overlap0p35,orbital,domain,thermal,density,6.241245607874631,10,"n_nodes, n_edges, beta_0, beta_1, graph_density, average_degree, average_clustering, mean_node_size, mean_node_imputation_fraction, mean_node_physically_derived_fraction"
orbital_domain_cubes10_overlap0p35,thermal_domain_cubes10_overlap0p35,orbital,domain,thermal,domain,3.5343104221365005,10,"n_nodes, n_edges, beta_0, beta_1, graph_density, average_degree, average_clustering, mean_node_size, mean_node_imputation_fraction, mean_node_physically_derived_fraction"
orbital_domain_cubes10_overlap0p35,thermal_pca2_cubes10_overlap0p35,orbital,domain,thermal,pca2,3.939327045411345,10,"n_nodes, n_edges, beta_0, beta_1, graph_density, average_degree, average_clustering, mean_node_size, mean_node_imputation_fraction, mean_node_physically_derived_fraction"
orbital_pca2_cubes10_overlap0p35,phys_density_density_cubes10_overlap0p35,orbital,pca2,phys_density,density,3.4842016746442543,10,"n_nodes, n_edges, beta_0, beta_1, graph_density, average_degree, average_clustering, mean_node_size, mean_node_imputation_fraction, mean_node_physically_derived_fraction"
orbital_pca2_cubes10_overlap0p35,phys_density_domain_cubes10_overlap0p35,orbital,pca2,phys_density,domain,3.3046595985457228,10,"n_nodes, n_edges, beta_0, beta_1, graph_density, average_degree, average_clustering, mean_node_size, mean_node_imputation_fraction, mean_node_physically_derived_fraction"
orbital_pca2_cubes10_overlap0p35,phys_density_pca2_cubes10_overlap0p35,orbital,pca2,phys_density,pca2,3.808750655798982,10,"n_nodes, n_edges, beta_0, beta_1, graph_density, average_degree, average_clustering, mean_node_size, mean_node_imputation_fraction, mean_node_physically_derived_fraction"
orbital_pca2_cubes10_overlap0p35,phys_min_density_cubes10_overlap0p35,orbital,pca2,phys_min,density,1.2668366162753082,10,"n_nodes, n_edges, beta_0, beta_1, graph_density, average_degree, average_clustering, mean_node_size, mean_node_imputation_fraction, mean_node_physically_derived_fraction"
orbital_pca2_cubes10_overlap0p35,phys_min_domain_cubes10_overlap0p35,orbital,pca2,phys_min,domain,2.4906469753765967,10,"n_nodes, n_edges, beta_0, beta_1, graph_density, average_degree, average_clustering, mean_node_size, mean_node_imputation_fraction, mean_node_physically_derived_fraction"
orbital_pca2_cubes10_overlap0p35,phys_min_pca2_cubes10_overlap0p35,orbital,pca2,phys_min,pca2,2.7716358324745394,10,"n_nodes, n_edges, beta_0, beta_1, graph_density, average_degree, average_clustering, mean_node_size, mean_node_imputation_fraction, mean_node_physically_derived_fraction"
orbital_pca2_cubes10_overlap0p35,thermal_density_cubes10_overlap0p35,orbital,pca2,thermal,density,4.373797626948038,10,"n_nodes, n_edges, beta_0, beta_1, graph_density, average_degree, average_clustering, mean_node_size, mean_node_imputation_fraction, mean_node_physically_derived_fraction"
orbital_pca2_cubes10_overlap0p35,thermal_domain_cubes10_overlap0p35,orbital,pca2,thermal,domain,3.952836774652543,10,"n_nodes, n_edges, beta_0, beta_1, graph_density, average_degree, average_clustering, mean_node_size, mean_node_imputation_fraction, mean_node_physically_derived_fraction"
orbital_pca2_cubes10_overlap0p35,thermal_pca2_cubes10_overlap0p35,orbital,pca2,thermal,pca2,3.7652192994517244,10,"n_nodes, n_edges, beta_0, beta_1, graph_density, average_degree, average_clustering, mean_node_size, mean_node_imputation_fraction, mean_node_physically_derived_fraction"
phys_density_density_cubes10_overlap0p35,phys_density_domain_cubes10_overlap0p35,phys_density,density,phys_density,domain,1.4970581122699709,10,"n_nodes, n_edges, beta_0, beta_1, graph_density, average_degree, average_clustering, mean_node_size, mean_node_imputation_fraction, mean_node_physically_derived_fraction"
phys_density_density_cubes10_overlap0p35,phys_density_pca2_cubes10_overlap0p35,phys_density,density,phys_density,pca2,1.254981592439793,10,"n_nodes, n_edges, beta_0, beta_1, graph_density, average_degree, average_clustering, mean_node_size, mean_node_imputation_fraction, mean_node_physically_derived_fraction"
phys_density_density_cubes10_overlap0p35,phys_min_density_cubes10_overlap0p35,phys_density,density,phys_min,density,3.0965004440869075,10,"n_nodes, n_edges, beta_0, beta_1, graph_density, average_degree, average_clustering, mean_node_size, mean_node_imputation_fraction, mean_node_physically_derived_fraction"
phys_density_density_cubes10_overlap0p35,phys_min_domain_cubes10_overlap0p35,phys_density,density,phys_min,domain,3.6361574099064256,10,"n_nodes, n_edges, beta_0, beta_1, graph_density, average_degree, average_clustering, mean_node_size, mean_node_imputation_fraction, mean_node_physically_derived_fraction"
phys_density_density_cubes10_overlap0p35,phys_min_pca2_cubes10_overlap0p35,phys_density,density,phys_min,pca2,3.368185826860995,10,"n_nodes, n_edges, beta_0, beta_1, graph_density, average_degree, average_clustering, mean_node_size, mean_node_imputation_fraction, mean_node_physically_derived_fraction"
phys_density_density_cubes10_overlap0p35,thermal_density_cubes10_overlap0p35,phys_density,density,thermal,density,6.755115720241082,10,"n_nodes, n_edges, beta_0, beta_1, graph_density, average_degree, average_clustering, mean_node_size, mean_node_imputation_fraction, mean_node_physically_derived_fraction"
phys_density_density_cubes10_overlap0p35,thermal_domain_cubes10_overlap0p35,phys_density,density,thermal,domain,4.592529695363941,10,"n_nodes, n_edges, beta_0, beta_1, graph_density, average_degree, average_clustering, mean_node_size, mean_node_imputation_fraction, mean_node_physically_derived_fraction"
phys_density_density_cubes10_overlap0p35,thermal_pca2_cubes10_overlap0p35,phys_density,density,thermal,pca2,4.985861740984231,10,"n_nodes, n_edges, beta_0, beta_1, graph_density, average_degree, average_clustering, mean_node_size, mean_node_imputation_fraction, mean_node_physically_derived_fraction"
phys_density_domain_cubes10_overlap0p35,phys_density_pca2_cubes10_overlap0p35,phys_density,domain,phys_density,pca2,0.9918713844421024,10,"n_nodes, n_edges, beta_0, beta_1, graph_density, average_degree, average_clustering, mean_node_size, mean_node_imputation_fraction, mean_node_physically_derived_fraction"
phys_density_domain_cubes10_overlap0p35,phys_min_density_cubes10_overlap0p35,phys_density,domain,phys_min,density,3.0523774912857085,10,"n_nodes, n_edges, beta_0, beta_1, graph_density, average_degree, average_clustering, mean_node_size, mean_node_imputation_fraction, mean_node_physically_derived_fraction"
phys_density_domain_cubes10_overlap0p35,phys_min_domain_cubes10_overlap0p35,phys_density,domain,phys_min,domain,2.969959008735037,10,"n_nodes, n_edges, beta_0, beta_1, graph_density, average_degree, average_clustering, mean_node_size, mean_node_imputation_fraction, mean_node_physically_derived_fraction"
phys_density_domain_cubes10_overlap0p35,phys_min_pca2_cubes10_overlap0p35,phys_density,domain,phys_min,pca2,2.951001239704698,10,"n_nodes, n_edges, beta_0, beta_1, graph_density, average_degree, average_clustering, mean_node_size, mean_node_imputation_fraction, mean_node_physically_derived_fraction"
phys_density_domain_cubes10_overlap0p35,thermal_density_cubes10_overlap0p35,phys_density,domain,thermal,density,6.6434820470343166,10,"n_nodes, n_edges, beta_0, beta_1, graph_density, average_degree, average_clustering, mean_node_size, mean_node_imputation_fraction, mean_node_physically_derived_fraction"
phys_density_domain_cubes10_overlap0p35,thermal_domain_cubes10_overlap0p35,phys_density,domain,thermal,domain,5.090030518011482,10,"n_nodes, n_edges, beta_0, beta_1, graph_density, average_degree, average_clustering, mean_node_size, mean_node_imputation_fraction, mean_node_physically_derived_fraction"
phys_density_domain_cubes10_overlap0p35,thermal_pca2_cubes10_overlap0p35,phys_density,domain,thermal,pca2,5.2595784244606945,10,"n_nodes, n_edges, beta_0, beta_1, graph_density, average_degree, average_clustering, mean_node_size, mean_node_imputation_fraction, mean_node_physically_derived_fraction"
phys_density_pca2_cubes10_overlap0p35,phys_min_density_cubes10_overlap0p35,phys_density,pca2,phys_min,density,3.303261551114921,10,"n_nodes, n_edges, beta_0, beta_1, graph_density, average_degree, average_clustering, mean_node_size, mean_node_imputation_fraction, mean_node_physically_derived_fraction"
phys_density_pca2_cubes10_overlap0p35,phys_min_domain_cubes10_overlap0p35,phys_density,pca2,phys_min,domain,3.228308782435694,10,"n_nodes, n_edges, beta_0, beta_1, graph_density, average_degree, average_clustering, mean_node_size, mean_node_imputation_fraction, mean_node_physically_derived_fraction"
phys_density_pca2_cubes10_overlap0p35,phys_min_pca2_cubes10_overlap0p35,phys_density,pca2,phys_min,pca2,2.973068562078347,10,"n_nodes, n_edges, beta_0, beta_1, graph_density, average_degree, average_clustering, mean_node_size, mean_node_imputation_fraction, mean_node_physically_derived_fraction"
phys_density_pca2_cubes10_overlap0p35,thermal_density_cubes10_overlap0p35,phys_density,pca2,thermal,density,7.196027384618586,10,"n_nodes, n_edges, beta_0, beta_1, graph_density, average_degree, average_clustering, mean_node_size, mean_node_imputation_fraction, mean_node_physically_derived_fraction"
phys_density_pca2_cubes10_overlap0p35,thermal_domain_cubes10_overlap0p35,phys_density,pca2,thermal,domain,5.065587347702114,10,"n_nodes, n_edges, beta_0, beta_1, graph_density, average_degree, average_clustering, mean_node_size, mean_node_imputation_fraction, mean_node_physically_derived_fraction"
phys_density_pca2_cubes10_overlap0p35,thermal_pca2_cubes10_overlap0p35,phys_density,pca2,thermal,pca2,5.442027763996714,10,"n_nodes, n_edges, beta_0, beta_1, graph_density, average_degree, average_clustering, mean_node_size, mean_node_imputation_fraction, mean_node_physically_derived_fraction"
phys_min_density_cubes10_overlap0p35,phys_min_domain_cubes10_overlap0p35,phys_min,density,phys_min,domain,1.8314577225895838,10,"n_nodes, n_edges, beta_0, beta_1, graph_density, average_degree, average_clustering, mean_node_size, mean_node_imputation_fraction, mean_node_physically_derived_fraction"
phys_min_density_cubes10_overlap0p35,phys_min_pca2_cubes10_overlap0p35,phys_min,density,phys_min,pca2,1.7761808587803165,10,"n_nodes, n_edges, beta_0, beta_1, graph_density, average_degree, average_clustering, mean_node_size, mean_node_imputation_fraction, mean_node_physically_derived_fraction"
phys_min_density_cubes10_overlap0p35,thermal_density_cubes10_overlap0p35,phys_min,density,thermal,density,5.313738603083958,10,"n_nodes, n_edges, beta_0, beta_1, graph_density, average_degree, average_clustering, mean_node_size, mean_node_imputation_fraction, mean_node_physically_derived_fraction"
phys_min_density_cubes10_overlap0p35,thermal_domain_cubes10_overlap0p35,phys_min,density,thermal,domain,3.753376277075203,10,"n_nodes, n_edges, beta_0, beta_1, graph_density, average_degree, average_clustering, mean_node_size, mean_node_imputation_fraction, mean_node_physically_derived_fraction"
phys_min_density_cubes10_overlap0p35,thermal_pca2_cubes10_overlap0p35,phys_min,density,thermal,pca2,3.9078032123860513,10,"n_nodes, n_edges, beta_0, beta_1, graph_density, average_degree, average_clustering, mean_node_size, mean_node_imputation_fraction, mean_node_physically_derived_fraction"
phys_min_domain_cubes10_overlap0p35,phys_min_pca2_cubes10_overlap0p35,phys_min,domain,phys_min,pca2,0.8523340974643263,10,"n_nodes, n_edges, beta_0, beta_1, graph_density, average_degree, average_clustering, mean_node_size, mean_node_imputation_fraction, mean_node_physically_derived_fraction"
phys_min_domain_cubes10_overlap0p35,thermal_density_cubes10_overlap0p35,phys_min,domain,thermal,density,6.329468907347533,10,"n_nodes, n_edges, beta_0, beta_1, graph_density, average_degree, average_clustering, mean_node_size, mean_node_imputation_fraction, mean_node_physically_derived_fraction"
phys_min_domain_cubes10_overlap0p35,thermal_domain_cubes10_overlap0p35,phys_min,domain,thermal,domain,4.595565813313508,10,"n_nodes, n_edges, beta_0, beta_1, graph_density, average_degree, average_clustering, mean_node_size, mean_node_imputation_fraction, mean_node_physically_derived_fraction"
phys_min_domain_cubes10_overlap0p35,thermal_pca2_cubes10_overlap0p35,phys_min,domain,thermal,pca2,4.738376948300661,10,"n_nodes, n_edges, beta_0, beta_1, graph_density, average_degree, average_clustering, mean_node_size, mean_node_imputation_fraction, mean_node_physically_derived_fraction"
phys_min_pca2_cubes10_overlap0p35,thermal_density_cubes10_overlap0p35,phys_min,pca2,thermal,density,6.625916024671142,10,"n_nodes, n_edges, beta_0, beta_1, graph_density, average_degree, average_clustering, mean_node_size, mean_node_imputation_fraction, mean_node_physically_derived_fraction"
phys_min_pca2_cubes10_overlap0p35,thermal_domain_cubes10_overlap0p35,phys_min,pca2,thermal,domain,4.401211081914694,10,"n_nodes, n_edges, beta_0, beta_1, graph_density, average_degree, average_clustering, mean_node_size, mean_node_imputation_fraction, mean_node_physically_derived_fraction"
phys_min_pca2_cubes10_overlap0p35,thermal_pca2_cubes10_overlap0p35,phys_min,pca2,thermal,pca2,4.732375718715972,10,"n_nodes, n_edges, beta_0, beta_1, graph_density, average_degree, average_clustering, mean_node_size, mean_node_imputation_fraction, mean_node_physically_derived_fraction"
thermal_density_cubes10_overlap0p35,thermal_domain_cubes10_overlap0p35,thermal,density,thermal,domain,5.083905236776962,10,"n_nodes, n_edges, beta_0, beta_1, graph_density, average_degree, average_clustering, mean_node_size, mean_node_imputation_fraction, mean_node_physically_derived_fraction"
thermal_density_cubes10_overlap0p35,thermal_pca2_cubes10_overlap0p35,thermal,density,thermal,pca2,4.084766139974876,10,"n_nodes, n_edges, beta_0, beta_1, graph_density, average_degree, average_clustering, mean_node_size, mean_node_imputation_fraction, mean_node_physically_derived_fraction"
thermal_domain_cubes10_overlap0p35,thermal_pca2_cubes10_overlap0p35,thermal,domain,thermal,pca2,1.2183510850082675,10,"n_nodes, n_edges, beta_0, beta_1, graph_density, average_degree, average_clustering, mean_node_size, mean_node_imputation_fraction, mean_node_physically_derived_fraction"
