config_id,node_id,anchor_pl_name,discoverymethod,disc_year,disc_facility,pl_bmasse,pl_orbper,pl_orbsmax,r3_log_mass,r3_log_period,r3_log_semimajor,r3_imputation_score,distance_to_node_centroid,anchor_representativeness,rv_proxy,rv_proxy_with_star,delta_rel_neighbors_best,delta_rel_neighbors_mean,delta_rel_analog_best,TOI,ATI,ATI_rank,deficit_class,expected_incompleteness_direction,anchor_selection_reason,interpretation_text,caution_text
orbital_pca2_cubes10_overlap0p35,cube12_cluster0,HIP 97166 c,Radial Velocity,2021.0,Multiple Observatories,7.999999999999999,16.431999999999995,0.1239999999999999,0.9030899869919435,1.215690426253203,-0.9065783148377653,0.0,0.14377784678602296,0.9832246462452559,0.4978598449075426,0.5175666029396999,0.09090909090082644,-0.2182802829380318,0.0,0.0766674525511436,0.006852848082388205,1,no_deficit,menor masa planetaria o menor proxy RV a escala orbital comparable,"Selected among R3-valid preferred-method members, prioritizing lower imputation and medoid proximity.","Ancla HIP 97166 c en cube12_cluster0 con ATI=0.007, deficit no_deficit y uso prudente para priorizacion observacional.",ATI prioriza submuestreo topologico local; no equivale a una conclusion sobre objetos ausentes.
orbital_pca2_cubes10_overlap0p35,cube17_cluster2,HIP 90988 b,Radial Velocity,2021.0,Multiple Observatories,668.0753115100001,455.7381599999999,1.3600000000000003,2.824825422849216,2.6587153945766904,0.13353890837021762,0.0,0.04003215598450384,0.9673756276205318,1.938586957990319,1.800164046397678,0.11111111109876542,0.0726310726241186,0.0,0.0627572653395493,0.006745538770983245,2,weak_deficit,menor masa planetaria o menor proxy RV a escala orbital comparable,"Selected among R3-valid preferred-method members, prioritizing lower imputation and medoid proximity.","Ancla HIP 90988 b en cube17_cluster2 con ATI=0.007, deficit weak_deficit y uso prudente para priorizacion observacional.",ATI prioriza submuestreo topologico local; no equivale a una conclusion sobre objetos ausentes.
orbital_pca2_cubes10_overlap0p35,cube26_cluster6,HD 42012 b,Radial Velocity,2017.0,Haute-Provence Observatory,508.5279999999999,857.5000000000003,1.6700000000000002,2.706314870554162,2.9332341287148083,0.2227164711475833,0.0,0.10623990706159879,0.9678800917670857,1.7285701609825592,1.78251809939851,0.09090909090082644,0.034191638084960535,0.0,0.05811326748427153,0.00511333406004078,3,no_deficit,menor masa planetaria o menor proxy RV a escala orbital comparable,"Selected among R3-valid preferred-method members, prioritizing lower imputation and medoid proximity.","Ancla HD 42012 b en cube26_cluster6 con ATI=0.005, deficit no_deficit y uso prudente para priorizacion observacional.",ATI prioriza submuestreo topologico local; no equivale a una conclusion sobre objetos ausentes.
orbital_pca2_cubes10_overlap0p35,cube19_cluster5,HD 42012 b,Radial Velocity,2017.0,Haute-Provence Observatory,508.5279999999999,857.5000000000003,1.6700000000000002,2.706314870554162,2.9332341287148083,0.2227164711475833,0.0,0.10623990706159879,0.9678800917670857,1.7285701609825592,1.78251809939851,0.09090909090082644,0.034191638084960535,0.0,0.05811326748427153,0.00511333406004078,4,no_deficit,menor masa planetaria o menor proxy RV a escala orbital comparable,"Selected among R3-valid preferred-method members, prioritizing lower imputation and medoid proximity.","Ancla HD 42012 b en cube19_cluster5 con ATI=0.005, deficit no_deficit y uso prudente para priorizacion observacional.",ATI prioriza submuestreo topologico local; no equivale a una conclusion sobre objetos ausentes.
orbital_pca2_cubes10_overlap0p35,cube17_cluster10,HD 4313 b,Radial Velocity,2009.0,W. M. Keck Observatory,612.4584100000002,356.20999999999987,1.1569999999999998,2.7870766025536904,2.5517061073895997,0.06333335895174948,0.0,0.027609546088096282,0.8908880270203854,1.9365079000904906,1.7950494971545188,0.16666666663888888,0.11363636362203473,0.0,0.034304061022319685,0.005093512872977962,5,weak_deficit,menor masa planetaria o menor proxy RV a escala orbital comparable,"Selected among R3-valid preferred-method members, prioritizing lower imputation and medoid proximity.","Ancla HD 4313 b en cube17_cluster10 con ATI=0.005, deficit weak_deficit y uso prudente para priorizacion observacional.",ATI prioriza submuestreo topologico local; no equivale a una conclusion sobre objetos ausentes.
orbital_pca2_cubes10_overlap0p35,cube25_cluster0,HD 221585 b,Radial Velocity,2016.0,Haute-Provence Observatory,511.7063,1173.0000000000002,2.306,2.709020763930087,3.0692980121155293,0.36285930295868024,0.0,0.10082539876910501,0.9909862270736136,1.6859214265582438,1.63555678562989,0.09090909090082644,-0.11999633315792362,0.0,0.0562810757788033,0.005070342812419098,6,no_deficit,menor masa planetaria o menor proxy RV a escala orbital comparable,"Selected among R3-valid preferred-method members, prioritizing lower imputation and medoid proximity.","Ancla HD 221585 b en cube25_cluster0 con ATI=0.005, deficit no_deficit y uso prudente para priorizacion observacional.",ATI prioriza submuestreo topologico local; no equivale a una conclusion sobre objetos ausentes.
orbital_pca2_cubes10_overlap0p35,cube24_cluster1,24 Sex b,Radial Velocity,2010.0,Lick Observatory,632.46,452.8000000000002,1.3330000000000002,2.8010330637156744,2.6559064181802152,0.12483014941385927,0.0,0.033971938555180714,0.9830233940084538,1.9157309243222693,1.790717110431294,0.09090909090082644,0.042956929068832965,0.0,0.0523779284684389,0.004680793546317822,7,no_deficit,menor masa planetaria o menor proxy RV a escala orbital comparable,"Selected among R3-valid preferred-method members, prioritizing lower imputation and medoid proximity.","Ancla 24 Sex b en cube24_cluster1 con ATI=0.005, deficit no_deficit y uso prudente para priorizacion observacional.",ATI prioriza submuestreo topologico local; no equivale a una conclusion sobre objetos ausentes.
orbital_pca2_cubes10_overlap0p35,cube26_cluster4,BD-17 63 b,Radial Velocity,2008.0,La Silla Observatory,1639.9945801199997,655.5699999999998,1.3400000000000003,3.214842412786804,2.816619071297846,0.12710479836480773,0.0,0.607200183086561,0.8896714793847982,2.2759693890208554,2.36275725036797,0.09090909090082644,0.012616638628810059,0.0,0.057828024812911716,0.004677085852775172,8,no_deficit,menor masa planetaria o menor proxy RV a escala orbital comparable,"Selected among R3-valid preferred-method members, prioritizing lower imputation and medoid proximity.","Ancla BD-17 63 b en cube26_cluster4 con ATI=0.005, deficit no_deficit y uso prudente para priorizacion observacional.",ATI prioriza submuestreo topologico local; no equivale a una conclusion sobre objetos ausentes.
orbital_pca2_cubes10_overlap0p35,cube19_cluster4,BD-17 63 b,Radial Velocity,2008.0,La Silla Observatory,1639.9945801199997,655.5699999999998,1.3400000000000003,3.214842412786804,2.816619071297846,0.12710479836480773,0.0,0.607200183086561,0.8896714793847982,2.2759693890208554,2.36275725036797,0.09090909090082644,0.012616638628810059,0.0,0.057828024812911716,0.004677085852775172,9,no_deficit,menor masa planetaria o menor proxy RV a escala orbital comparable,"Selected among R3-valid preferred-method members, prioritizing lower imputation and medoid proximity.","Ancla BD-17 63 b en cube19_cluster4 con ATI=0.005, deficit no_deficit y uso prudente para priorizacion observacional.",ATI prioriza submuestreo topologico local; no equivale a una conclusion sobre objetos ausentes.
orbital_pca2_cubes10_overlap0p35,cube33_cluster3,HD 11506 d,Radial Velocity,2022.0,Multiple Observatories,4068.203609599999,26500.000000000004,18.200000000000003,3.609402680807461,4.423245873936808,1.260071387985075,0.0,0.06863241681771173,0.9472266681579835,2.1349873894951914,2.077414169045359,0.3333333332222222,0.277777777699074,0.0,0.013773050516940881,0.0043487335823949235,10,moderate_deficit,menor masa planetaria o menor proxy RV a escala orbital comparable,"Selected among R3-valid preferred-method members, prioritizing lower imputation and medoid proximity.","Ancla HD 11506 d en cube33_cluster3 con ATI=0.004, deficit moderate_deficit y uso prudente para priorizacion observacional.",ATI prioriza submuestreo topologico local; no equivale a una conclusion sobre objetos ausentes.
orbital_pca2_cubes10_overlap0p35,cube26_cluster0,HD 167677 b,Radial Velocity,2023.0,Multiple Facilities,905.81095995,1819.9999999999995,2.877,2.9570375711681027,3.2600713879850747,0.458939861890326,0.0,0.05812142106472412,0.9929164004801723,1.8703471085064112,1.8821662864800321,0.09090909090082644,0.03413828632129996,0.0,0.04426116486400104,0.003995239681257104,11,no_deficit,menor masa planetaria o menor proxy RV a escala orbital comparable,"Selected among R3-valid preferred-method members, prioritizing lower imputation and medoid proximity.","Ancla HD 167677 b en cube26_cluster0 con ATI=0.004, deficit no_deficit y uso prudente para priorizacion observacional.",ATI prioriza submuestreo topologico local; no equivale a una conclusion sobre objetos ausentes.
orbital_pca2_cubes10_overlap0p35,cube26_cluster11,HD 13931 b,Radial Velocity,2009.0,W. M. Keck Observatory,889.9195396000002,4218.000000000001,5.149999999999997,2.949350742501812,3.6251065754034677,0.7118072290411908,0.0,0.04360138418554373,0.9826950688205203,1.7409818840339895,1.665019649162765,0.19999999996,0.12222222220374486,0.0,0.02023883171563486,0.0039777200243330015,12,weak_deficit,menor masa planetaria o menor proxy RV a escala orbital comparable,"Selected among R3-valid preferred-method members, prioritizing lower imputation and medoid proximity.","Ancla HD 13931 b en cube26_cluster11 con ATI=0.004, deficit weak_deficit y uso prudente para priorizacion observacional.",ATI prioriza submuestreo topologico local; no equivale a una conclusion sobre objetos ausentes.
orbital_pca2_cubes10_overlap0p35,cube6_cluster0,GJ 3942 b,Radial Velocity,2017.0,Roque de los Muchachos Observatory,7.139999999999999,6.905000000000001,0.0607999999999999,0.8536982117761743,0.8391636829146502,-1.2160964207272658,0.0,0.2876763948866321,0.9463202272373451,0.5739769841379576,0.7077499511689032,0.09090909090082644,-0.12430616217806971,0.0,0.04122862793066515,0.003546862231680376,13,no_deficit,menor masa planetaria o menor proxy RV a escala orbital comparable,"Selected among R3-valid preferred-method members, prioritizing lower imputation and medoid proximity.","Ancla GJ 3942 b en cube6_cluster0 con ATI=0.004, deficit no_deficit y uso prudente para priorizacion observacional.",ATI prioriza submuestreo topologico local; no equivale a una conclusion sobre objetos ausentes.
orbital_pca2_cubes10_overlap0p35,cube19_cluster8,Kepler-48 e,Radial Velocity,2014.0,W. M. Keck Observatory,657.0000000000005,981.9999999999995,1.898274748,2.817565369559781,2.9921114877869495,0.27835907052797454,0.0,0.12293248124240629,0.9618570855776374,1.820194873630798,1.8572064255306855,0.09090909090082644,0.03313711939068661,0.0,0.03848508261088587,0.003365195399541464,14,no_deficit,menor masa planetaria o menor proxy RV a escala orbital comparable,"Selected among R3-valid preferred-method members, prioritizing lower imputation and medoid proximity.","Ancla Kepler-48 e en cube19_cluster8 con ATI=0.003, deficit no_deficit y uso prudente para priorizacion observacional.",ATI prioriza submuestreo topologico local; no equivale a una conclusion sobre objetos ausentes.
orbital_pca2_cubes10_overlap0p35,cube26_cluster12,Kepler-48 e,Radial Velocity,2014.0,W. M. Keck Observatory,657.0000000000005,981.9999999999995,1.898274748,2.817565369559781,2.9921114877869495,0.27835907052797454,0.0,0.12293248124240629,0.9618570855776374,1.820194873630798,1.8572064255306855,0.09090909090082644,0.03313711939068661,0.0,0.03848508261088587,0.003365195399541464,15,no_deficit,menor masa planetaria o menor proxy RV a escala orbital comparable,"Selected among R3-valid preferred-method members, prioritizing lower imputation and medoid proximity.","Ancla Kepler-48 e en cube26_cluster12 con ATI=0.003, deficit no_deficit y uso prudente para priorizacion observacional.",ATI prioriza submuestreo topologico local; no equivale a una conclusion sobre objetos ausentes.
orbital_pca2_cubes10_overlap0p35,cube26_cluster14,HD 89307 b,Radial Velocity,2009.0,Lick Observatory,642.0133821400001,2166.0,3.270000000000001,2.8075440806062164,3.3356584522893016,0.5145477526602862,0.0,0.016060670418630688,0.9991612649763689,1.695657929843116,1.6264554492058114,0.09090909090082644,0.03495439340803893,0.0,0.03625931864155954,0.0032935369707080293,16,no_deficit,menor masa planetaria o menor proxy RV a escala orbital comparable,"Selected among R3-valid preferred-method members, prioritizing lower imputation and medoid proximity.","Ancla HD 89307 b en cube26_cluster14 con ATI=0.003, deficit no_deficit y uso prudente para priorizacion observacional.",ATI prioriza submuestreo topologico local; no equivale a una conclusion sobre objetos ausentes.
orbital_pca2_cubes10_overlap0p35,cube17_cluster0,HD 60292 b,Radial Velocity,2020.0,Bohyunsan Optical Astronomical Observatory,2065.894999999999,495.3999999999998,1.4999999999999996,3.3151082445410927,2.694956002249818,0.17609125905568113,0.0,0.1713919002143075,0.8994121462133153,2.4167895771244865,2.263156962872304,0.09090909090082644,0.0352968581534532,0.0,0.03807066360892363,0.003112837932832211,17,no_deficit,menor masa planetaria o menor proxy RV a escala orbital comparable,"Selected among R3-valid preferred-method members, prioritizing lower imputation and medoid proximity.","Ancla HD 60292 b en cube17_cluster0 con ATI=0.003, deficit no_deficit y uso prudente para priorizacion observacional.",ATI prioriza submuestreo topologico local; no equivale a una conclusion sobre objetos ausentes.
orbital_pca2_cubes10_overlap0p35,cube24_cluster0,HD 60292 b,Radial Velocity,2020.0,Bohyunsan Optical Astronomical Observatory,2065.894999999999,495.3999999999998,1.4999999999999996,3.3151082445410927,2.694956002249818,0.17609125905568113,0.0,0.1713919002143075,0.8994121462133153,2.4167895771244865,2.263156962872304,0.09090909090082644,0.0352968581534532,0.0,0.03807066360892363,0.003112837932832211,18,no_deficit,menor masa planetaria o menor proxy RV a escala orbital comparable,"Selected among R3-valid preferred-method members, prioritizing lower imputation and medoid proximity.","Ancla HD 60292 b en cube24_cluster0 con ATI=0.003, deficit no_deficit y uso prudente para priorizacion observacional.",ATI prioriza submuestreo topologico local; no equivale a una conclusion sobre objetos ausentes.
orbital_pca2_cubes10_overlap0p35,cube26_cluster10,HD 240210 b,Radial Velocity,2009.0,McDonald Observatory,1655.8199999999997,501.7500000000002,1.1599999999999997,3.21901312396119,2.7004873811595234,0.06445798922691837,0.0,0.5148469622361228,0.7747109033660933,2.3188506635746826,2.3763080953188713,0.09090909090082644,0.032308231050239146,0.0,0.043571027976432856,0.003068631858285726,19,no_deficit,menor masa planetaria o menor proxy RV a escala orbital comparable,"Selected among R3-valid preferred-method members, prioritizing lower imputation and medoid proximity.","Ancla HD 240210 b en cube26_cluster10 con ATI=0.003, deficit no_deficit y uso prudente para priorizacion observacional.",ATI prioriza submuestreo topologico local; no equivale a una conclusion sobre objetos ausentes.
orbital_pca2_cubes10_overlap0p35,cube24_cluster4,HD 174205 b,Radial Velocity,2022.0,Bohyunsan Optical Astronomical Observatory,1334.879309399999,582.0000000000002,1.6999999999999995,3.125442001557493,2.7649229846498886,0.2304489213782738,0.0,0.03124518715007963,0.9832123654298407,2.2038010066741966,2.033619336605326,0.09090909090082644,0.05151515151172023,0.0,0.03378061061311273,0.003019410369414867,20,no_deficit,menor masa planetaria o menor proxy RV a escala orbital comparable,"Selected among R3-valid preferred-method members, prioritizing lower imputation and medoid proximity.","Ancla HD 174205 b en cube24_cluster4 con ATI=0.003, deficit no_deficit y uso prudente para priorizacion observacional.",ATI prioriza submuestreo topologico local; no equivale a una conclusion sobre objetos ausentes.
orbital_pca2_cubes10_overlap0p35,cube17_cluster6,HD 174205 b,Radial Velocity,2022.0,Bohyunsan Optical Astronomical Observatory,1334.879309399999,582.0000000000002,1.6999999999999995,3.125442001557493,2.7649229846498886,0.2304489213782738,0.0,0.03124518715007963,0.9832123654298407,2.2038010066741966,2.033619336605326,0.09090909090082644,0.05151515151172023,0.0,0.03378061061311273,0.003019410369414867,21,no_deficit,menor masa planetaria o menor proxy RV a escala orbital comparable,"Selected among R3-valid preferred-method members, prioritizing lower imputation and medoid proximity.","Ancla HD 174205 b en cube17_cluster6 con ATI=0.003, deficit no_deficit y uso prudente para priorizacion observacional.",ATI prioriza submuestreo topologico local; no equivale a una conclusion sobre objetos ausentes.
orbital_pca2_cubes10_overlap0p35,cube13_cluster0,Gl 49 b,Radial Velocity,2019.0,Multiple Observatories,5.63,13.850799999999996,0.0905,0.7505083948513462,1.141474858277844,-1.0433514207947967,0.0,0.09305887154699459,0.9795035355697111,0.37001677542539824,0.5621452893979375,0.09090909090082644,0.030450762345017063,0.0,0.03282923906428124,0.002923305066418495,22,no_deficit,menor masa planetaria o menor proxy RV a escala orbital comparable,"Selected among R3-valid preferred-method members, prioritizing lower imputation and medoid proximity.","Ancla Gl 49 b en cube13_cluster0 con ATI=0.003, deficit no_deficit y uso prudente para priorizacion observacional.",ATI prioriza submuestreo topologico local; no equivale a una conclusion sobre objetos ausentes.
orbital_pca2_cubes10_overlap0p35,cube26_cluster7,HD 32963 b,Radial Velocity,2015.0,W. M. Keck Observatory,657.90480249,2372.0000000000005,3.4100000000000006,2.8181630566165103,3.375114684692225,0.5327543789924978,0.0,0.010195648390403024,0.9994427267364603,1.6931248283857687,1.7110395926526363,0.09090909090082644,0.03823953823667844,0.0,0.03103709105232897,0.002819981355317043,23,no_deficit,menor masa planetaria o menor proxy RV a escala orbital comparable,"Selected among R3-valid preferred-method members, prioritizing lower imputation and medoid proximity.","Ancla HD 32963 b en cube26_cluster7 con ATI=0.003, deficit no_deficit y uso prudente para priorizacion observacional.",ATI prioriza submuestreo topologico local; no equivale a una conclusion sobre objetos ausentes.
orbital_pca2_cubes10_overlap0p35,cube19_cluster0,HD 114729 b,Radial Velocity,2002.0,W. M. Keck Observatory,262.20975000000004,1121.7899999999995,2.067,2.4186488364481624,3.0499115642488444,0.3153404766272883,0.0,0.2932342759088295,0.8807369250914373,1.4020116483652143,1.4211610825398109,0.09090909090082644,0.03249509541368098,0.0,0.0343515742645012,0.002750427262456046,24,no_deficit,menor masa planetaria o menor proxy RV a escala orbital comparable,"Selected among R3-valid preferred-method members, prioritizing lower imputation and medoid proximity.","Ancla HD 114729 b en cube19_cluster0 con ATI=0.003, deficit no_deficit y uso prudente para priorizacion observacional.",ATI prioriza submuestreo topologico local; no equivale a una conclusion sobre objetos ausentes.
orbital_pca2_cubes10_overlap0p35,cube26_cluster3,HD 114729 b,Radial Velocity,2002.0,W. M. Keck Observatory,262.20975000000004,1121.7899999999995,2.067,2.4186488364481624,3.0499115642488444,0.3153404766272883,0.0,0.2932342759088295,0.8807369250914373,1.4020116483652143,1.4211610825398109,0.09090909090082644,0.03249509541368098,0.0,0.0343515742645012,0.002750427262456046,25,no_deficit,menor masa planetaria o menor proxy RV a escala orbital comparable,"Selected among R3-valid preferred-method members, prioritizing lower imputation and medoid proximity.","Ancla HD 114729 b en cube26_cluster3 con ATI=0.003, deficit no_deficit y uso prudente para priorizacion observacional.",ATI prioriza submuestreo topologico local; no equivale a una conclusion sobre objetos ausentes.
orbital_pca2_cubes10_overlap0p35,cube24_cluster3,HD 110014 b,Radial Velocity,2009.0,La Silla Observatory,3524.590000000001,835.4770000000003,2.14,3.5471086047050946,2.9219344986213027,0.33041377334919086,0.0,0.14472244365044123,0.8943603762212048,2.573130438497994,2.3488239492656406,0.16666666663888888,0.08832772164902263,0.0,0.018135857168828137,0.0027033320063173058,26,weak_deficit,menor masa planetaria o menor proxy RV a escala orbital comparable,"Selected among R3-valid preferred-method members, prioritizing lower imputation and medoid proximity.","Ancla HD 110014 b en cube24_cluster3 con ATI=0.003, deficit weak_deficit y uso prudente para priorizacion observacional.",ATI prioriza submuestreo topologico local; no equivale a una conclusion sobre objetos ausentes.
orbital_pca2_cubes10_overlap0p35,cube17_cluster5,HD 110014 b,Radial Velocity,2009.0,La Silla Observatory,3524.590000000001,835.4770000000003,2.14,3.5471086047050946,2.9219344986213027,0.33041377334919086,0.0,0.14472244365044123,0.8943603762212048,2.573130438497994,2.3488239492656406,0.16666666663888888,0.08832772164902263,0.0,0.018135857168828137,0.0027033320063173058,27,weak_deficit,menor masa planetaria o menor proxy RV a escala orbital comparable,"Selected among R3-valid preferred-method members, prioritizing lower imputation and medoid proximity.","Ancla HD 110014 b en cube17_cluster5 con ATI=0.003, deficit weak_deficit y uso prudente para priorizacion observacional.",ATI prioriza submuestreo topologico local; no equivale a una conclusion sobre objetos ausentes.
orbital_pca2_cubes10_overlap0p35,cube19_cluster3,HIP 38594 b,Radial Velocity,2020.0,Multiple Observatories,8.1,60.72200000000001,0.256,0.9084850188786497,1.7833460674766746,-0.5917600346881504,0.0,0.11344558974725646,0.9478906649120936,0.31403632971975826,0.45714977304591353,0.09090909090082644,0.03187535734429322,0.0,0.02761661146454904,0.0023797752910336874,28,no_deficit,menor masa planetaria o menor proxy RV a escala orbital comparable,"Selected among R3-valid preferred-method members, prioritizing lower imputation and medoid proximity.","Ancla HIP 38594 b en cube19_cluster3 con ATI=0.002, deficit no_deficit y uso prudente para priorizacion observacional.",ATI prioriza submuestreo topologico local; no equivale a una conclusion sobre objetos ausentes.
orbital_pca2_cubes10_overlap0p35,cube26_cluster2,HD 217107 c,Radial Velocity,2005.0,Lick Observatory,1388.91013859,5138.700000000002,5.9220000000000015,3.1426741481300144,3.7108532640857086,0.7724684030532805,0.0,0.041328645546190895,0.9917050722143954,1.905723060101445,1.892978866470063,0.16666666663888888,0.08965615230495609,0.0,0.013941506809253396,0.0023043105024573023,29,weak_deficit,menor masa planetaria o menor proxy RV a escala orbital comparable,"Selected among R3-valid preferred-method members, prioritizing lower imputation and medoid proximity.","Ancla HD 217107 c en cube26_cluster2 con ATI=0.002, deficit weak_deficit y uso prudente para priorizacion observacional.",ATI prioriza submuestreo topologico local; no equivale a una conclusion sobre objetos ausentes.
orbital_pca2_cubes10_overlap0p35,cube33_cluster1,HD 217107 c,Radial Velocity,2005.0,Lick Observatory,1388.91013859,5138.700000000002,5.9220000000000015,3.1426741481300144,3.7108532640857086,0.7724684030532805,0.0,0.041328645546190895,0.9917050722143954,1.905723060101445,1.892978866470063,0.16666666663888888,0.08965615230495609,0.0,0.013941506809253396,0.0023043105024573023,30,weak_deficit,menor masa planetaria o menor proxy RV a escala orbital comparable,"Selected among R3-valid preferred-method members, prioritizing lower imputation and medoid proximity.","Ancla HD 217107 c en cube33_cluster1 con ATI=0.002, deficit weak_deficit y uso prudente para priorizacion observacional.",ATI prioriza submuestreo topologico local; no equivale a una conclusion sobre objetos ausentes.
orbital_pca2_cubes10_overlap0p35,cube17_cluster9,HD 173416 b,Radial Velocity,2008.0,Xinglong Station,585.1220972900002,322.0299999999998,1.1579999999999997,2.767246499665834,2.5078963320298726,0.06370855939141729,0.0,0.11104218661285449,0.9796161502917785,1.9312810556558766,1.7305943918798892,0.09090909090082644,0.03292227485499222,0.0,0.025326699869779604,0.002255494929433935,31,no_deficit,menor masa planetaria o menor proxy RV a escala orbital comparable,"Selected among R3-valid preferred-method members, prioritizing lower imputation and medoid proximity.","Ancla HD 173416 b en cube17_cluster9 con ATI=0.002, deficit no_deficit y uso prudente para priorizacion observacional.",ATI prioriza submuestreo topologico local; no equivale a una conclusion sobre objetos ausentes.
orbital_pca2_cubes10_overlap0p35,cube26_cluster13,HD 154345 b,Radial Velocity,2006.0,W. M. Keck Observatory,376.9444906999999,3280.000000000001,4.158000000000003,2.576277400185532,3.515873843711679,0.6188844849954507,0.0,0.037226549758807924,0.9918407861958114,1.404319452281639,1.438059447851697,0.09090909090082644,0.04820753958357548,0.0,0.02401513753788376,0.002165381172182708,32,no_deficit,menor masa planetaria o menor proxy RV a escala orbital comparable,"Selected among R3-valid preferred-method members, prioritizing lower imputation and medoid proximity.","Ancla HD 154345 b en cube26_cluster13 con ATI=0.002, deficit no_deficit y uso prudente para priorizacion observacional.",ATI prioriza submuestreo topologico local; no equivale a una conclusion sobre objetos ausentes.
orbital_pca2_cubes10_overlap0p35,cube13_cluster1,GJ 536 c,Radial Velocity,2025.0,Multiple Facilities,5.89,32.761,0.1617,0.7701152947871016,1.515357149738369,-0.7912899800935989,0.0,0.11876547456625848,0.9715297163414768,0.26499624487431195,0.44990696318510376,0.09090909090082644,0.021984248677057627,0.0,0.024122221165500186,0.002130495880392206,33,no_deficit,menor masa planetaria o menor proxy RV a escala orbital comparable,"Selected among R3-valid preferred-method members, prioritizing lower imputation and medoid proximity.","Ancla GJ 536 c en cube13_cluster1 con ATI=0.002, deficit no_deficit y uso prudente para priorizacion observacional.",ATI prioriza submuestreo topologico local; no equivale a una conclusion sobre objetos ausentes.
orbital_pca2_cubes10_overlap0p35,cube5_cluster0,HD 109749 b,Radial Velocity,2005.0,W. M. Keck Observatory,85.81409999999994,5.239891000000001,0.0615,1.9335586520572243,0.7193222529014964,-1.2111248842245832,0.0,0.21662357473711355,0.9767438525586224,1.6937845677567256,1.658398938767779,0.09090909090082644,0.025357214211195606,0.0,0.022524478065193594,0.002000058680024483,34,no_deficit,menor masa planetaria o menor proxy RV a escala orbital comparable,"Selected among R3-valid preferred-method members, prioritizing lower imputation and medoid proximity.","Ancla HD 109749 b en cube5_cluster0 con ATI=0.002, deficit no_deficit y uso prudente para priorizacion observacional.",ATI prioriza submuestreo topologico local; no equivale a una conclusion sobre objetos ausentes.
orbital_pca2_cubes10_overlap0p35,cube13_cluster3,HD 40307 f,Radial Velocity,2013.0,La Silla Observatory,5.200000000000001,51.75999999999999,0.2469999999999999,0.7160033436347992,1.7139942676606439,-0.6073030467403344,0.0,0.207996685702319,0.8143836101856436,0.14467192108125126,0.22034477096626334,0.09090909090082644,0.031989589719045766,0.0,0.025807156448374564,0.0019106295668311235,35,no_deficit,menor masa planetaria o menor proxy RV a escala orbital comparable,"Selected among R3-valid preferred-method members, prioritizing lower imputation and medoid proximity.","Ancla HD 40307 f en cube13_cluster3 con ATI=0.002, deficit no_deficit y uso prudente para priorizacion observacional.",ATI prioriza submuestreo topologico local; no equivale a una conclusion sobre objetos ausentes.
orbital_pca2_cubes10_overlap0p35,cube19_cluster2,GJ 3138 d,Radial Velocity,2017.0,La Silla Observatory,10.5,257.80000000000007,0.6980000000000001,1.021189299069938,2.4112829130173843,-0.15614457737683887,0.0,0.17461129157339475,0.9277802446292838,0.21742832806414336,0.32866358678895324,0.09090909090082644,0.04133166232550267,0.0,0.02199305641643928,0.0018549748418486087,36,no_deficit,menor masa planetaria o menor proxy RV a escala orbital comparable,"Selected among R3-valid preferred-method members, prioritizing lower imputation and medoid proximity.","Ancla GJ 3138 d en cube19_cluster2 con ATI=0.002, deficit no_deficit y uso prudente para priorizacion observacional.",ATI prioriza submuestreo topologico local; no equivale a una conclusion sobre objetos ausentes.
orbital_pca2_cubes10_overlap0p35,cube32_cluster3,HD 11506 d,Radial Velocity,2022.0,Multiple Observatories,4068.203609599999,26500.000000000004,18.200000000000003,3.609402680807461,4.423245873936808,1.260071387985075,0.0,0.47170934064430836,0.8042345867696139,2.1349873894951914,2.077414169045359,0.2499999999375,0.2333333332783333,0.0,0.008513405461662417,0.0017116937804376386,37,weak_deficit,menor masa planetaria o menor proxy RV a escala orbital comparable,"Selected among R3-valid preferred-method members, prioritizing lower imputation and medoid proximity.","Ancla HD 11506 d en cube32_cluster3 con ATI=0.002, deficit weak_deficit y uso prudente para priorizacion observacional.",ATI prioriza submuestreo topologico local; no equivale a una conclusion sobre objetos ausentes.
orbital_pca2_cubes10_overlap0p35,cube32_cluster1,HD 217107 c,Radial Velocity,2005.0,Lick Observatory,1388.91013859,5138.700000000002,5.9220000000000015,3.1426741481300144,3.7108532640857086,0.7724684030532805,0.0,0.054554612446242615,0.9892516221939045,1.905723060101445,1.892978866470063,0.16666666663888888,0.0884967320151978,0.0,0.01026297093850988,0.0016921101079596145,38,weak_deficit,menor masa planetaria o menor proxy RV a escala orbital comparable,"Selected among R3-valid preferred-method members, prioritizing lower imputation and medoid proximity.","Ancla HD 217107 c en cube32_cluster1 con ATI=0.002, deficit weak_deficit y uso prudente para priorizacion observacional.",ATI prioriza submuestreo topologico local; no equivale a una conclusion sobre objetos ausentes.
orbital_pca2_cubes10_overlap0p35,cube25_cluster2,HD 217107 c,Radial Velocity,2005.0,Lick Observatory,1388.91013859,5138.700000000002,5.9220000000000015,3.1426741481300144,3.7108532640857086,0.7724684030532805,0.0,0.054554612446242615,0.9892516221939045,1.905723060101445,1.892978866470063,0.16666666663888888,0.0884967320151978,0.0,0.01026297093850988,0.0016921101079596145,39,weak_deficit,menor masa planetaria o menor proxy RV a escala orbital comparable,"Selected among R3-valid preferred-method members, prioritizing lower imputation and medoid proximity.","Ancla HD 217107 c en cube25_cluster2 con ATI=0.002, deficit weak_deficit y uso prudente para priorizacion observacional.",ATI prioriza submuestreo topologico local; no equivale a una conclusion sobre objetos ausentes.
orbital_pca2_cubes10_overlap0p35,cube11_cluster1,HD 160691 d,Radial Velocity,2004.0,La Silla Observatory,10.489999999999998,9.6392,0.0952,1.0207754881935578,0.9840409913714268,-1.0213630516155257,0.0,0.44425988006935374,0.8772598847527711,0.6927618244030822,0.6573761954141357,0.09090909090082644,0.019680617211773038,0.0,0.021038366462344523,0.0016778286305877356,40,no_deficit,menor masa planetaria o menor proxy RV a escala orbital comparable,"Selected among R3-valid preferred-method members, prioritizing lower imputation and medoid proximity.","Ancla HD 160691 d en cube11_cluster1 con ATI=0.002, deficit no_deficit y uso prudente para priorizacion observacional.",ATI prioriza submuestreo topologico local; no equivale a una conclusion sobre objetos ausentes.
orbital_pca2_cubes10_overlap0p35,cube19_cluster7,HIP 109384 b,Radial Velocity,2016.0,Haute-Provence Observatory,495.81480000000016,499.48,1.134,2.695319486252699,2.6985181030454157,0.05461305455688774,0.0,0.2967267387676577,0.9427355737359243,1.7958134519042273,1.8677503834439069,0.09090909090082644,0.03165052673447417,0.0,0.01955908444281125,0.0016762767902060707,41,no_deficit,menor masa planetaria o menor proxy RV a escala orbital comparable,"Selected among R3-valid preferred-method members, prioritizing lower imputation and medoid proximity.","Ancla HIP 109384 b en cube19_cluster7 con ATI=0.002, deficit no_deficit y uso prudente para priorizacion observacional.",ATI prioriza submuestreo topologico local; no equivale a una conclusion sobre objetos ausentes.
orbital_pca2_cubes10_overlap0p35,cube11_cluster0,HD 206255 b,Radial Velocity,2019.0,Las Campanas Observatory,34.2,96.045,0.4610000000000001,1.534026106056135,1.9824747608798488,-0.3362990746103518,0.0,0.23952524807061376,0.8818775052063688,0.8732011857628522,0.7716756228408146,0.09090909090082644,0.034272684499254906,0.0,0.02090223099328743,0.001675746119993801,42,no_deficit,menor masa planetaria o menor proxy RV a escala orbital comparable,"Selected among R3-valid preferred-method members, prioritizing lower imputation and medoid proximity.","Ancla HD 206255 b en cube11_cluster0 con ATI=0.002, deficit no_deficit y uso prudente para priorizacion observacional.",ATI prioriza submuestreo topologico local; no equivale a una conclusion sobre objetos ausentes.
orbital_pca2_cubes10_overlap0p35,cube17_cluster4,HD 206255 b,Radial Velocity,2019.0,Las Campanas Observatory,34.2,96.045,0.4610000000000001,1.534026106056135,1.9824747608798488,-0.3362990746103518,0.0,0.23952524807061376,0.8818775052063688,0.8732011857628522,0.7716756228408146,0.09090909090082644,0.034272684499254906,0.0,0.02090223099328743,0.001675746119993801,43,no_deficit,menor masa planetaria o menor proxy RV a escala orbital comparable,"Selected among R3-valid preferred-method members, prioritizing lower imputation and medoid proximity.","Ancla HD 206255 b en cube17_cluster4 con ATI=0.002, deficit no_deficit y uso prudente para priorizacion observacional.",ATI prioriza submuestreo topologico local; no equivale a una conclusion sobre objetos ausentes.
orbital_pca2_cubes10_overlap0p35,cube1_cluster1,GJ 3138 b,Radial Velocity,2017.0,La Silla Observatory,1.7799999999999998,1.22003,0.0197,0.25042000230889394,0.08637050991595242,-1.705533773838407,0.0,1.0462280325547133,0.6163142960498466,0.2216298323369098,0.3328650910617197,0.09090909090082644,-0.018773770140769235,0.0,0.029122233077063377,0.001631677143332563,44,no_deficit,menor masa planetaria o menor proxy RV a escala orbital comparable,"Selected among R3-valid preferred-method members, prioritizing lower imputation and medoid proximity.","Ancla GJ 3138 b en cube1_cluster1 con ATI=0.002, deficit no_deficit y uso prudente para priorizacion observacional.",ATI prioriza submuestreo topologico local; no equivale a una conclusion sobre objetos ausentes.
orbital_pca2_cubes10_overlap0p35,cube7_cluster0,HD 48948 b,Radial Velocity,2024.0,Roque de los Muchachos Observatory,4.879999999999999,7.340129999999999,0.0652,0.6884198220027106,0.8657037517120763,-1.1857524042680798,0.0,0.1521718949425202,0.9712878459255939,0.3998519047653518,0.5089691609608507,0.09090909090082644,0.026098766017783003,0.0,0.018041986797099813,0.0015930874991618175,45,no_deficit,menor masa planetaria o menor proxy RV a escala orbital comparable,"Selected among R3-valid preferred-method members, prioritizing lower imputation and medoid proximity.","Ancla HD 48948 b en cube7_cluster0 con ATI=0.002, deficit no_deficit y uso prudente para priorizacion observacional.",ATI prioriza submuestreo topologico local; no equivale a una conclusion sobre objetos ausentes.
orbital_pca2_cubes10_overlap0p35,cube26_cluster8,HD 37605 c,Radial Velocity,2012.0,Multiple Observatories,1013.8777,2720.0,3.739999999999999,3.0059855709554184,3.4345689040341987,0.5728716022004801,0.0,0.1582662673765288,0.8894692741120473,1.8611292696106856,1.8790440338775531,0.09090909090082644,0.03862640744072873,0.0,0.018652504015407415,0.0015082572004952932,46,no_deficit,menor masa planetaria o menor proxy RV a escala orbital comparable,"Selected among R3-valid preferred-method members, prioritizing lower imputation and medoid proximity.","Ancla HD 37605 c en cube26_cluster8 con ATI=0.002, deficit no_deficit y uso prudente para priorizacion observacional.",ATI prioriza submuestreo topologico local; no equivale a una conclusion sobre objetos ausentes.
orbital_pca2_cubes10_overlap0p35,cube17_cluster1,14 And b,Radial Velocity,2008.0,Okayama Astrophysical Observatory,1131.1513005099996,186.76,0.7750000000000001,3.0535206991622865,2.271283865258768,-0.11069829749368963,0.0,0.1287961292639298,0.7789478135262587,2.2964260774093637,2.129479409203434,0.09090909090082644,0.0571414629347222,0.0,0.021131874727304583,0.0014964206920952989,47,no_deficit,menor masa planetaria o menor proxy RV a escala orbital comparable,"Selected among R3-valid preferred-method members, prioritizing lower imputation and medoid proximity.","Ancla 14 And b en cube17_cluster1 con ATI=0.001, deficit no_deficit y uso prudente para priorizacion observacional.",ATI prioriza submuestreo topologico local; no equivale a una conclusion sobre objetos ausentes.
orbital_pca2_cubes10_overlap0p35,cube26_cluster5,HD 72659 b,Radial Velocity,2002.0,W. M. Keck Observatory,949.6712801200003,3549.0000000000014,4.607,2.977573304304783,3.550105999347593,0.6634182122526797,0.0,0.058813102809286186,0.9957123796093331,1.7942046378555856,1.7848044235091718,0.09090909090082644,0.03430996120776708,0.0,0.015129604342317134,0.001369521303715161,48,no_deficit,menor masa planetaria o menor proxy RV a escala orbital comparable,"Selected among R3-valid preferred-method members, prioritizing lower imputation and medoid proximity.","Ancla HD 72659 b en cube26_cluster5 con ATI=0.001, deficit no_deficit y uso prudente para priorizacion observacional.",ATI prioriza submuestreo topologico local; no equivale a una conclusion sobre objetos ausentes.
orbital_pca2_cubes10_overlap0p35,cube19_cluster11,HD 20781 e,Radial Velocity,2019.0,La Silla Observatory,14.030000000000005,85.5073,0.3373999999999999,1.14705767102836,1.93200319325897,-0.4718549217468937,0.0,0.06394162954194664,0.9306009565017918,0.5030566066087033,0.6063245799325321,0.09090909090082644,0.03864272010438923,0.0,0.01551804921768092,0.0013128283130639015,49,no_deficit,menor masa planetaria o menor proxy RV a escala orbital comparable,"Selected among R3-valid preferred-method members, prioritizing lower imputation and medoid proximity.","Ancla HD 20781 e en cube19_cluster11 con ATI=0.001, deficit no_deficit y uso prudente para priorizacion observacional.",ATI prioriza submuestreo topologico local; no equivale a una conclusion sobre objetos ausentes.
orbital_pca2_cubes10_overlap0p35,cube13_cluster7,HD 20781 e,Radial Velocity,2019.0,La Silla Observatory,14.030000000000005,85.5073,0.3373999999999999,1.14705767102836,1.93200319325897,-0.4718549217468937,0.0,0.06394162954194664,0.9306009565017918,0.5030566066087033,0.6063245799325321,0.09090909090082644,0.03864272010438923,0.0,0.01551804921768092,0.0013128283130639015,50,no_deficit,menor masa planetaria o menor proxy RV a escala orbital comparable,"Selected among R3-valid preferred-method members, prioritizing lower imputation and medoid proximity.","Ancla HD 20781 e en cube13_cluster7 con ATI=0.001, deficit no_deficit y uso prudente para priorizacion observacional.",ATI prioriza submuestreo topologico local; no equivale a una conclusion sobre objetos ausentes.
orbital_pca2_cubes10_overlap0p35,cube11_cluster2,TOI-375 c,Radial Velocity,2026.0,Multiple Observatories,669.3466251399999,115.5,0.5240000000000001,2.8256510780077626,2.062581984228163,-0.2806687130162732,0.0,0.3337417412840571,0.9126643376515146,2.138123749931708,2.032347762722382,0.09090909090082644,0.03285926100645495,0.0,0.01449456539290681,0.001202606629332841,51,no_deficit,menor masa planetaria o menor proxy RV a escala orbital comparable,"Selected among R3-valid preferred-method members, prioritizing lower imputation and medoid proximity.","Ancla TOI-375 c en cube11_cluster2 con ATI=0.001, deficit no_deficit y uso prudente para priorizacion observacional.",ATI prioriza submuestreo topologico local; no equivale a una conclusion sobre objetos ausentes.
orbital_pca2_cubes10_overlap0p35,cube17_cluster7,TOI-375 c,Radial Velocity,2026.0,Multiple Observatories,669.3466251399999,115.5,0.5240000000000001,2.8256510780077626,2.062581984228163,-0.2806687130162732,0.0,0.3337417412840571,0.9126643376515146,2.138123749931708,2.032347762722382,0.09090909090082644,0.03285926100645495,0.0,0.01449456539290681,0.001202606629332841,52,no_deficit,menor masa planetaria o menor proxy RV a escala orbital comparable,"Selected among R3-valid preferred-method members, prioritizing lower imputation and medoid proximity.","Ancla TOI-375 c en cube17_cluster7 con ATI=0.001, deficit no_deficit y uso prudente para priorizacion observacional.",ATI prioriza submuestreo topologico local; no equivale a una conclusion sobre objetos ausentes.
orbital_pca2_cubes10_overlap0p35,cube0_cluster0,TOI-3071 b,Transit,2024.0,Transiting Exoplanet Survey Satellite (TESS),68.19999999999999,1.266938,0.0249,1.8337843746564788,0.10275536238406414,-1.6038006529042637,0.0,0.14553726139757572,0.9916698685715529,1.7995325871951242,1.7258061136622915,0.09090909090082644,0.027512742358639593,0.0,0.0122817591013342,0.0011072227666127578,53,no_deficit,vecinos compatibles bajo referencia local en region fisico-orbital comparable,No preferred-method candidate dominated the filters; selected the least-imputed representative nearest to the medoid.,"Ancla TOI-3071 b en cube0_cluster0 con ATI=0.001, deficit no_deficit y uso prudente para priorizacion observacional.",ATI prioriza submuestreo topologico local; no equivale a una conclusion sobre objetos ausentes.
orbital_pca2_cubes10_overlap0p35,cube7_cluster4,Kepler-1350 c,Transit,2016.0,Kepler,3.640000000000001,1.7667890620000002,0.0222,0.5611013836490562,0.2471847019245088,-1.6536470255493614,0.0,0.507674006439683,0.9072312891552704,0.47870648300755325,0.651798023344724,0.09090909090082644,-0.008113518256369953,0.0,0.011847109269557428,0.000977097110400622,54,no_deficit,vecinos compatibles bajo referencia local en region fisico-orbital comparable,No preferred-method candidate dominated the filters; selected the least-imputed representative nearest to the medoid.,"Ancla Kepler-1350 c en cube7_cluster4 con ATI=0.001, deficit no_deficit y uso prudente para priorizacion observacional.",ATI prioriza submuestreo topologico local; no equivale a una conclusion sobre objetos ausentes.
orbital_pca2_cubes10_overlap0p35,cube2_cluster0,Kepler-1350 c,Transit,2016.0,Kepler,3.640000000000001,1.7667890620000002,0.0222,0.5611013836490562,0.2471847019245088,-1.6536470255493614,0.0,0.507674006439683,0.9072312891552704,0.47870648300755325,0.651798023344724,0.09090909090082644,-0.008113518256369953,0.0,0.011847109269557428,0.000977097110400622,55,no_deficit,vecinos compatibles bajo referencia local en region fisico-orbital comparable,No preferred-method candidate dominated the filters; selected the least-imputed representative nearest to the medoid.,"Ancla Kepler-1350 c en cube2_cluster0 con ATI=0.001, deficit no_deficit y uso prudente para priorizacion observacional.",ATI prioriza submuestreo topologico local; no equivale a una conclusion sobre objetos ausentes.
orbital_pca2_cubes10_overlap0p35,cube11_cluster4,Kepler-413 b,Transit,2014.0,Kepler,67.0,66.26199999999999,0.3552999999999999,1.8260748027008264,1.821264540146232,-0.4494047925106722,0.0,0.1469879671538271,0.9800507224648345,1.2189866226520825,1.2764440543962714,0.09090909090082644,0.029428795896105822,0.0,0.009903605707069317,0.0008823669024852523,56,no_deficit,vecinos compatibles bajo referencia local en region fisico-orbital comparable,No preferred-method candidate dominated the filters; selected the least-imputed representative nearest to the medoid.,"Ancla Kepler-413 b en cube11_cluster4 con ATI=0.001, deficit no_deficit y uso prudente para priorizacion observacional.",ATI prioriza submuestreo topologico local; no equivale a una conclusion sobre objetos ausentes.
orbital_pca2_cubes10_overlap0p35,cube17_cluster12,Kepler-413 b,Transit,2014.0,Kepler,67.0,66.26199999999999,0.3552999999999999,1.8260748027008264,1.821264540146232,-0.4494047925106722,0.0,0.1469879671538271,0.9800507224648345,1.2189866226520825,1.2764440543962714,0.09090909090082644,0.029428795896105822,0.0,0.009903605707069317,0.0008823669024852523,57,no_deficit,vecinos compatibles bajo referencia local en region fisico-orbital comparable,No preferred-method candidate dominated the filters; selected the least-imputed representative nearest to the medoid.,"Ancla Kepler-413 b en cube17_cluster12 con ATI=0.001, deficit no_deficit y uso prudente para priorizacion observacional.",ATI prioriza submuestreo topologico local; no equivale a una conclusion sobre objetos ausentes.
orbital_pca2_cubes10_overlap0p35,cube13_cluster8,GJ 3998 d,Radial Velocity,2025.0,Multiple Observatories,6.07,41.78,0.189,0.7831886910752576,1.6209684356442897,-0.7235381958267558,0.0,0.46440555151440016,0.8183381667420506,0.24286587919382774,0.43219698343729496,0.09090909090082644,0.031661792781104,0.0,0.011496875844222116,0.000855302936433308,58,no_deficit,menor masa planetaria o menor proxy RV a escala orbital comparable,"Selected among R3-valid preferred-method members, prioritizing lower imputation and medoid proximity.","Ancla GJ 3998 d en cube13_cluster8 con ATI=0.001, deficit no_deficit y uso prudente para priorizacion observacional.",ATI prioriza submuestreo topologico local; no equivale a una conclusion sobre objetos ausentes.
orbital_pca2_cubes10_overlap0p35,cube13_cluster5,HD 20794 d,Radial Velocity,2011.0,La Silla Observatory,4.8,89.68000000000002,0.3625,0.6812412373755872,1.9526955995869169,-0.4406919890929875,0.0,0.25424553725997084,0.7224409548145223,0.03034270417994822,0.09859130998632058,0.09090909090082644,0.042166456225923854,0.0,0.011784160900123974,0.0007739418592363256,59,no_deficit,menor masa planetaria o menor proxy RV a escala orbital comparable,"Selected among R3-valid preferred-method members, prioritizing lower imputation and medoid proximity.","Ancla HD 20794 d en cube13_cluster5 con ATI=0.001, deficit no_deficit y uso prudente para priorizacion observacional.",ATI prioriza submuestreo topologico local; no equivale a una conclusion sobre objetos ausentes.
orbital_pca2_cubes10_overlap0p35,cube19_cluster9,HD 20794 d,Radial Velocity,2011.0,La Silla Observatory,4.8,89.68000000000002,0.3625,0.6812412373755872,1.9526955995869169,-0.4406919890929875,0.0,0.25424553725997084,0.7224409548145223,0.03034270417994822,0.09859130998632058,0.09090909090082644,0.042166456225923854,0.0,0.011784160900123974,0.0007739418592363256,60,no_deficit,menor masa planetaria o menor proxy RV a escala orbital comparable,"Selected among R3-valid preferred-method members, prioritizing lower imputation and medoid proximity.","Ancla HD 20794 d en cube19_cluster9 con ATI=0.001, deficit no_deficit y uso prudente para priorizacion observacional.",ATI prioriza submuestreo topologico local; no equivale a una conclusion sobre objetos ausentes.
orbital_pca2_cubes10_overlap0p35,cube2_cluster1,K2-104 b,Transit,2016.0,K2,3.86,1.9741954,0.0242,0.5865873046717549,0.29539013563958216,-1.6161846340195687,0.0,0.2309628633695999,0.970208473588722,0.48812392612522754,0.6830771420599366,0.09090909090082644,0.030968830181091634,0.0,0.008489474600175942,0.0007487781993325589,61,no_deficit,vecinos compatibles bajo referencia local en region fisico-orbital comparable,No preferred-method candidate dominated the filters; selected the least-imputed representative nearest to the medoid.,"Ancla K2-104 b en cube2_cluster1 con ATI=0.001, deficit no_deficit y uso prudente para priorizacion observacional.",ATI prioriza submuestreo topologico local; no equivale a una conclusion sobre objetos ausentes.
orbital_pca2_cubes10_overlap0p35,cube19_cluster10,HD 216520 c,Radial Velocity,2020.0,Multiple Observatories,9.44,154.43,0.528,0.9749719942980689,2.188731671445743,-0.27736607746618774,0.0,0.3219135338609214,0.8574552721546195,0.2453947704828212,0.3028522022270101,0.09090909090082644,0.03881131759294965,0.0,0.009377635204022114,0.0007309911586636846,62,no_deficit,menor masa planetaria o menor proxy RV a escala orbital comparable,"Selected among R3-valid preferred-method members, prioritizing lower imputation and medoid proximity.","Ancla HD 216520 c en cube19_cluster10 con ATI=0.001, deficit no_deficit y uso prudente para priorizacion observacional.",ATI prioriza submuestreo topologico local; no equivale a una conclusion sobre objetos ausentes.
orbital_pca2_cubes10_overlap0p35,cube13_cluster6,HD 216520 c,Radial Velocity,2020.0,Multiple Observatories,9.44,154.43,0.528,0.9749719942980689,2.188731671445743,-0.27736607746618774,0.0,0.3219135338609214,0.8574552721546195,0.2453947704828212,0.3028522022270101,0.09090909090082644,0.03881131759294965,0.0,0.009377635204022114,0.0007309911586636846,63,no_deficit,menor masa planetaria o menor proxy RV a escala orbital comparable,"Selected among R3-valid preferred-method members, prioritizing lower imputation and medoid proximity.","Ancla HD 216520 c en cube13_cluster6 con ATI=0.001, deficit no_deficit y uso prudente para priorizacion observacional.",ATI prioriza submuestreo topologico local; no equivale a una conclusion sobre objetos ausentes.
orbital_pca2_cubes10_overlap0p35,cube11_cluster3,HD 156098 b,Radial Velocity,2022.0,Multiple Observatories,15.891420350000002,21.858490000000007,0.167,1.2011627154956115,1.3396201572789088,-0.7772835288524167,0.0,0.3435999731127352,0.9243202340045573,0.7546226630693086,0.6808961895364759,0.09090909090082644,0.010225080217227706,0.0,0.006977815694203121,0.0005863396577018328,64,no_deficit,menor masa planetaria o menor proxy RV a escala orbital comparable,"Selected among R3-valid preferred-method members, prioritizing lower imputation and medoid proximity.","Ancla HD 156098 b en cube11_cluster3 con ATI=0.001, deficit no_deficit y uso prudente para priorizacion observacional.",ATI prioriza submuestreo topologico local; no equivale a una conclusion sobre objetos ausentes.
orbital_pca2_cubes10_overlap0p35,cube13_cluster2,BD-06 1339 c,Radial Velocity,2013.0,La Silla Observatory,52.99999999999999,125.93999999999998,0.435,1.724275869600789,2.100163688966044,-0.3615107430453627,0.0,0.5069760477697182,0.5927682313679579,1.0242213066121075,1.1274892799359364,0.09090909090082644,0.03313641496302729,0.0,0.0100365219660367,0.0005408483067593078,65,no_deficit,menor masa planetaria o menor proxy RV a escala orbital comparable,"Selected among R3-valid preferred-method members, prioritizing lower imputation and medoid proximity.","Ancla BD-06 1339 c en cube13_cluster2 con ATI=0.001, deficit no_deficit y uso prudente para priorizacion observacional.",ATI prioriza submuestreo topologico local; no equivale a una conclusion sobre objetos ausentes.
orbital_pca2_cubes10_overlap0p35,cube19_cluster1,BD-06 1339 c,Radial Velocity,2013.0,La Silla Observatory,52.99999999999999,125.93999999999998,0.435,1.724275869600789,2.100163688966044,-0.3615107430453627,0.0,0.5069760477697182,0.5927682313679579,1.0242213066121075,1.1274892799359364,0.09090909090082644,0.03313641496302729,0.0,0.0100365219660367,0.0005408483067593078,66,no_deficit,menor masa planetaria o menor proxy RV a escala orbital comparable,"Selected among R3-valid preferred-method members, prioritizing lower imputation and medoid proximity.","Ancla BD-06 1339 c en cube19_cluster1 con ATI=0.001, deficit no_deficit y uso prudente para priorizacion observacional.",ATI prioriza submuestreo topologico local; no equivale a una conclusion sobre objetos ausentes.
orbital_pca2_cubes10_overlap0p35,cube11_cluster5,TOI-5110 b,Transit,2024.0,Transiting Exoplanet Survey Satellite (TESS),921.7023802999998,30.158577,0.2157,2.9645907090585486,1.479410845963407,-0.6661498548974549,0.0,1.332949996332438,0.38931699567410916,2.4714537604040796,2.360105896543909,0.09090909090082644,-0.3165978757537665,0.0,0.007174840055727992,0.00025393519769857675,67,no_deficit,vecinos compatibles bajo referencia local en region fisico-orbital comparable,No preferred-method candidate dominated the filters; selected the least-imputed representative nearest to the medoid.,"Ancla TOI-5110 b en cube11_cluster5 con ATI=0.000, deficit no_deficit y uso prudente para priorizacion observacional.",ATI prioriza submuestreo topologico local; no equivale a una conclusion sobre objetos ausentes.
orbital_pca2_cubes10_overlap0p35,cube1_cluster0,55 Cnc e,Radial Velocity,2004.0,McDonald Observatory,7.99,0.7365473999999999,0.01544,0.9025467793139914,-0.13279929920011033,-1.8113527040002826,0.0,0.29476131067081035,0.9068105889760204,0.9468132123806948,0.975714159577226,0.09090909090082644,0.039926125729160995,0.0,0.0021198391515750547,0.00017475387176358624,68,no_deficit,menor masa planetaria o menor proxy RV a escala orbital comparable,"Selected among R3-valid preferred-method members, prioritizing lower imputation and medoid proximity.","Ancla 55 Cnc e en cube1_cluster0 con ATI=0.000, deficit no_deficit y uso prudente para priorizacion observacional.",ATI prioriza submuestreo topologico local; no equivale a una conclusion sobre objetos ausentes.
orbital_pca2_cubes10_overlap0p35,cube6_cluster1,55 Cnc e,Radial Velocity,2004.0,McDonald Observatory,7.99,0.7365473999999999,0.01544,0.9025467793139914,-0.13279929920011033,-1.8113527040002826,0.0,0.29476131067081035,0.9068105889760204,0.9468132123806948,0.975714159577226,0.09090909090082644,0.039926125729160995,0.0,0.0021198391515750547,0.00017475387176358624,69,no_deficit,menor masa planetaria o menor proxy RV a escala orbital comparable,"Selected among R3-valid preferred-method members, prioritizing lower imputation and medoid proximity.","Ancla 55 Cnc e en cube6_cluster1 con ATI=0.000, deficit no_deficit y uso prudente para priorizacion observacional.",ATI prioriza submuestreo topologico local; no equivale a una conclusion sobre objetos ausentes.
orbital_pca2_cubes10_overlap0p35,cube5_cluster1,Kepler-1323 b,Transit,2016.0,Kepler,2.9199999999999995,0.9299066779999998,0.0191099999999999,0.46538285144841823,-0.031560633449563946,-1.7187393129449893,0.0,0.6614441720414399,0.8609956031173647,0.47590306259827286,0.4279817243941893,0.09090909090082644,0.014758073579033993,0.0,0.0016274857574724798,0.00012738709829023196,70,no_deficit,vecinos compatibles bajo referencia local en region fisico-orbital comparable,No preferred-method candidate dominated the filters; selected the least-imputed representative nearest to the medoid.,"Ancla Kepler-1323 b en cube5_cluster1 con ATI=0.000, deficit no_deficit y uso prudente para priorizacion observacional.",ATI prioriza submuestreo topologico local; no equivale a una conclusion sobre objetos ausentes.
orbital_pca2_cubes10_overlap0p35,cube0_cluster1,Kepler-1323 b,Transit,2016.0,Kepler,2.9199999999999995,0.9299066779999998,0.0191099999999999,0.46538285144841823,-0.031560633449563946,-1.7187393129449893,0.0,0.6614441720414399,0.8609956031173647,0.47590306259827286,0.4279817243941893,0.09090909090082644,0.014758073579033993,0.0,0.0016274857574724798,0.00012738709829023196,71,no_deficit,vecinos compatibles bajo referencia local en region fisico-orbital comparable,No preferred-method candidate dominated the filters; selected the least-imputed representative nearest to the medoid.,"Ancla Kepler-1323 b en cube0_cluster1 con ATI=0.000, deficit no_deficit y uso prudente para priorizacion observacional.",ATI prioriza submuestreo topologico local; no equivale a una conclusion sobre objetos ausentes.
orbital_pca2_cubes10_overlap0p35,cube2_cluster3,Kepler-732 c,Transit,2016.0,Kepler,2.15,0.8930412360000001,0.0143,0.33243845991560533,-0.049128487187839714,-1.8446639625349381,0.0,0.13092086542186912,0.8598733550732286,0.3488146223115519,0.5553505689592094,0.1428571428367347,0.08313041124577233,0.0,0.000978963530089883,0.00012025495071320918,72,weak_deficit,vecinos compatibles bajo referencia local en region fisico-orbital comparable,No preferred-method candidate dominated the filters; selected the least-imputed representative nearest to the medoid.,"Ancla Kepler-732 c en cube2_cluster3 con ATI=0.000, deficit weak_deficit y uso prudente para priorizacion observacional.",ATI prioriza submuestreo topologico local; no equivale a una conclusion sobre objetos ausentes.
orbital_pca2_cubes10_overlap0p35,cube7_cluster6,Kepler-732 c,Transit,2016.0,Kepler,2.15,0.8930412360000001,0.0143,0.33243845991560533,-0.049128487187839714,-1.8446639625349381,0.0,0.13092086542186912,0.8598733550732286,0.3488146223115519,0.5553505689592094,0.1428571428367347,0.08313041124577233,0.0,0.000978963530089883,0.00012025495071320918,73,weak_deficit,vecinos compatibles bajo referencia local en region fisico-orbital comparable,No preferred-method candidate dominated the filters; selected the least-imputed representative nearest to the medoid.,"Ancla Kepler-732 c en cube7_cluster6 con ATI=0.000, deficit weak_deficit y uso prudente para priorizacion observacional.",ATI prioriza submuestreo topologico local; no equivale a una conclusion sobre objetos ausentes.
orbital_pca2_cubes10_overlap0p35,cube5_cluster2,HD 80653 b,Transit,2020.0,K2,5.719999999999999,0.7195730000000001,0.0166099999999999,0.7573960287930241,-0.14292514072809911,-1.7796303675486083,0.0,0.1402910744694539,0.9644165931620187,0.8050377423690572,0.7571164041649736,0.09090909090082644,0.011339355086872603,0.0,0.0011273806288534846,9.884223501608086e-05,74,no_deficit,vecinos compatibles bajo referencia local en region fisico-orbital comparable,No preferred-method candidate dominated the filters; selected the least-imputed representative nearest to the medoid.,"Ancla HD 80653 b en cube5_cluster2 con ATI=0.000, deficit no_deficit y uso prudente para priorizacion observacional.",ATI prioriza submuestreo topologico local; no equivale a una conclusion sobre objetos ausentes.
orbital_pca2_cubes10_overlap0p35,cube0_cluster2,HD 80653 b,Transit,2020.0,K2,5.719999999999999,0.7195730000000001,0.0166099999999999,0.7573960287930241,-0.14292514072809911,-1.7796303675486083,0.0,0.1402910744694539,0.9644165931620187,0.8050377423690572,0.7571164041649736,0.09090909090082644,0.011339355086872603,0.0,0.0011273806288534846,9.884223501608086e-05,75,no_deficit,vecinos compatibles bajo referencia local en region fisico-orbital comparable,No preferred-method candidate dominated the filters; selected the least-imputed representative nearest to the medoid.,"Ancla HD 80653 b en cube0_cluster2 con ATI=0.000, deficit no_deficit y uso prudente para priorizacion observacional.",ATI prioriza submuestreo topologico local; no equivale a una conclusion sobre objetos ausentes.
orbital_pca2_cubes10_overlap0p35,cube5_cluster3,Kepler-780 b,Transit,2016.0,Kepler,0.64,0.6773751640000001,0.0149999999999999,-0.1938200260161128,-0.1691707308320547,-1.8239087409443215,0.0,0.09982829023166788,0.985743552729001,-0.1374297824054279,-0.14031069826052298,0.09090909090082644,0.015233415230892347,0.0,0.001005332982154194,9.009095503765687e-05,76,no_deficit,vecinos compatibles bajo referencia local en region fisico-orbital comparable,No preferred-method candidate dominated the filters; selected the least-imputed representative nearest to the medoid.,"Ancla Kepler-780 b en cube5_cluster3 con ATI=0.000, deficit no_deficit y uso prudente para priorizacion observacional.",ATI prioriza submuestreo topologico local; no equivale a una conclusion sobre objetos ausentes.
orbital_pca2_cubes10_overlap0p35,cube0_cluster3,Kepler-780 b,Transit,2016.0,Kepler,0.64,0.6773751640000001,0.0149999999999999,-0.1938200260161128,-0.1691707308320547,-1.8239087409443215,0.0,0.09982829023166788,0.985743552729001,-0.1374297824054279,-0.14031069826052298,0.09090909090082644,0.015233415230892347,0.0,0.001005332982154194,9.009095503765687e-05,77,no_deficit,vecinos compatibles bajo referencia local en region fisico-orbital comparable,No preferred-method candidate dominated the filters; selected the least-imputed representative nearest to the medoid.,"Ancla Kepler-780 b en cube0_cluster3 con ATI=0.000, deficit no_deficit y uso prudente para priorizacion observacional.",ATI prioriza submuestreo topologico local; no equivale a una conclusion sobre objetos ausentes.
orbital_pca2_cubes10_overlap0p35,cube18_cluster0,HD 11506 c,Radial Velocity,2008.0,W. M. Keck Observatory,127.1313628,223.92,0.771,2.104252702487555,2.350092885458106,-0.11294562194904302,0.0,0.12802954923007323,0.9938421110615255,1.320888407334853,1.263315186885021,0.0,-3.23529367457137,0.0,0.030928214684390238,0.0,78,no_deficit,menor masa planetaria o menor proxy RV a escala orbital comparable,"Selected among R3-valid preferred-method members, prioritizing lower imputation and medoid proximity.","Ancla HD 11506 c en cube18_cluster0 con ATI=0.000, deficit no_deficit y uso prudente para priorizacion observacional.",ATI prioriza submuestreo topologico local; no equivale a una conclusion sobre objetos ausentes.
orbital_pca2_cubes10_overlap0p35,cube25_cluster5,HD 95872 b,Radial Velocity,2015.0,Multiple Facilities,1188.6841999999997,4374.999999999998,5.149999999999997,3.0750664900987172,3.640978057358332,0.7118072290411908,0.0,0.06037868983038038,0.9718202735630251,1.86140713764594,1.9646751109697689,0.0,-1.066666666457037,0.0,0.016368417601632563,0.0,79,no_deficit,menor masa planetaria o menor proxy RV a escala orbital comparable,"Selected among R3-valid preferred-method members, prioritizing lower imputation and medoid proximity.","Ancla HD 95872 b en cube25_cluster5 con ATI=0.000, deficit no_deficit y uso prudente para priorizacion observacional.",ATI prioriza submuestreo topologico local; no equivale a una conclusion sobre objetos ausentes.
orbital_pca2_cubes10_overlap0p35,cube12_cluster1,GJ 3293 b,Radial Velocity,2015.0,La Silla Observatory,23.54,30.598700000000004,0.14339,1.371806458507416,1.4857029756704825,-0.8434811352529726,0.0,0.426466319746477,0.14020002883544316,0.8765721332839218,1.1277392730186548,0.0,-10.843722366373115,0.0,0.0034133246761632635,0.0,80,no_deficit,menor masa planetaria o menor proxy RV a escala orbital comparable,"Selected among R3-valid preferred-method members, prioritizing lower imputation and medoid proximity.","Ancla GJ 3293 b en cube12_cluster1 con ATI=0.000, deficit no_deficit y uso prudente para priorizacion observacional.",ATI prioriza submuestreo topologico local; no equivale a una conclusion sobre objetos ausentes.
orbital_pca2_cubes10_overlap0p35,cube1_cluster5,Kepler-732 c,Transit,2016.0,Kepler,2.15,0.8930412360000001,0.0143,0.33243845991560533,-0.049128487187839714,-1.8446639625349381,0.0,0.02875273986423155,0.9248223592411391,0.3488146223115519,0.5553505689592094,0.0,-1.1111111106851852,0.0,0.0,0.0,81,no_deficit,vecinos compatibles bajo referencia local en region fisico-orbital comparable,No preferred-method candidate dominated the filters; selected the least-imputed representative nearest to the medoid.,"Ancla Kepler-732 c en cube1_cluster5 con ATI=0.000, deficit no_deficit y uso prudente para priorizacion observacional.",ATI prioriza submuestreo topologico local; no equivale a una conclusion sobre objetos ausentes.
orbital_pca2_cubes10_overlap0p35,cube2_cluster2,G 264-012 b,Radial Velocity,2021.0,Calar Alto Observatory,2.5,2.30538,0.02279,0.3979400086720376,0.36274252117951544,-1.6422556748196244,0.0,0.1451648806331757,0.8819887044860202,0.27702583494553246,0.6285215354007243,0.2499999999375,0.2333333332783333,0.0,0.0,0.0,82,weak_deficit,menor masa planetaria o menor proxy RV a escala orbital comparable,"Selected among R3-valid preferred-method members, prioritizing lower imputation and medoid proximity.","Ancla G 264-012 b en cube2_cluster2 con ATI=0.000, deficit weak_deficit y uso prudente para priorizacion observacional.",ATI prioriza submuestreo topologico local; no equivale a una conclusion sobre objetos ausentes.
orbital_pca2_cubes10_overlap0p35,cube1_cluster2,TOI-1807 b,Transit,2021.0,Transiting Exoplanet Survey Satellite (TESS),2.44,0.5493709700000001,0.0122,0.3873898263387294,-0.2601342934081942,-1.9136401693252518,0.0,0.05988510934717324,0.9756983485651053,0.47410125747479415,0.5369759456668927,0.0,-0.06666666666,0.0,0.0,0.0,83,no_deficit,vecinos compatibles bajo referencia local en region fisico-orbital comparable,No preferred-method candidate dominated the filters; selected the least-imputed representative nearest to the medoid.,"Ancla TOI-1807 b en cube1_cluster2 con ATI=0.000, deficit no_deficit y uso prudente para priorizacion observacional.",ATI prioriza submuestreo topologico local; no equivale a una conclusion sobre objetos ausentes.
orbital_pca2_cubes10_overlap0p35,cube1_cluster3,TOI-2260 b,Transit,2022.0,Transiting Exoplanet Survey Satellite (TESS),3.26,0.3524727999999998,0.0096999999999999,0.5132176000679389,-0.4528743914830447,-2.0132282657337597,0.0,0.35029304784160603,0.885919538240164,0.6641757305622872,0.6670856008305872,0.0,,0.0,0.0,0.0,84,no_deficit,vecinos compatibles bajo referencia local en region fisico-orbital comparable,No preferred-method candidate dominated the filters; selected the least-imputed representative nearest to the medoid.,"Ancla TOI-2260 b en cube1_cluster3 con ATI=0.000, deficit no_deficit y uso prudente para priorizacion observacional.",ATI prioriza submuestreo topologico local; no equivale a una conclusion sobre objetos ausentes.
orbital_pca2_cubes10_overlap0p35,cube1_cluster4,K2-147 b,Transit,2018.0,K2,2.77,0.961939,0.0157499999999999,0.4424797690644486,-0.01685246725881233,-1.8027194418743835,0.0,0.24097704561622843,0.8560847152475688,0.4480972581507194,0.6144249949164886,0.3333333332222222,0.3055555554606481,0.0,0.0,0.0,85,moderate_deficit,vecinos compatibles bajo referencia local en region fisico-orbital comparable,No preferred-method candidate dominated the filters; selected the least-imputed representative nearest to the medoid.,"Ancla K2-147 b en cube1_cluster4 con ATI=0.000, deficit moderate_deficit y uso prudente para priorizacion observacional.",ATI prioriza submuestreo topologico local; no equivale a una conclusion sobre objetos ausentes.
orbital_pca2_cubes10_overlap0p35,cube8_cluster2,GJ 3988 b,Radial Velocity,2023.0,Calar Alto Observatory,3.69,6.9442,0.0404999999999999,0.5670263661590603,0.841622220469927,-1.3925449767853326,0.0,0.09984520976413741,0.9327078793719039,0.286485626002418,0.7762925420951978,0.3333333332222222,0.3055555554606481,0.0,0.0,0.0,86,moderate_deficit,menor masa planetaria o menor proxy RV a escala orbital comparable,"Selected among R3-valid preferred-method members, prioritizing lower imputation and medoid proximity.","Ancla GJ 3988 b en cube8_cluster2 con ATI=0.000, deficit moderate_deficit y uso prudente para priorizacion observacional.",ATI prioriza submuestreo topologico local; no equivale a una conclusion sobre objetos ausentes.
orbital_pca2_cubes10_overlap0p35,cube6_cluster3,K2-147 b,Transit,2018.0,K2,2.77,0.961939,0.0157499999999999,0.4424797690644486,-0.01685246725881233,-1.8027194418743835,0.0,0.24097704561622843,0.8560847152475688,0.4480972581507194,0.6144249949164886,0.3333333332222222,0.3055555554606481,0.0,0.0,0.0,87,moderate_deficit,vecinos compatibles bajo referencia local en region fisico-orbital comparable,No preferred-method candidate dominated the filters; selected the least-imputed representative nearest to the medoid.,"Ancla K2-147 b en cube6_cluster3 con ATI=0.000, deficit moderate_deficit y uso prudente para priorizacion observacional.",ATI prioriza submuestreo topologico local; no equivale a una conclusion sobre objetos ausentes.
orbital_pca2_cubes10_overlap0p35,cube6_cluster2,Kepler-828 b,Transit,2016.0,Kepler,2.89,0.5678571360000001,0.0122799999999999,0.4608978427565479,-0.24576091226607844,-1.9108016331948547,0.0,0.020614230051048232,0.9939313068001192,0.5428181468452407,0.6038281342594741,0.19999999996,0.13863636361506715,0.0,0.0,0.0,88,weak_deficit,vecinos compatibles bajo referencia local en region fisico-orbital comparable,No preferred-method candidate dominated the filters; selected the least-imputed representative nearest to the medoid.,"Ancla Kepler-828 b en cube6_cluster2 con ATI=0.000, deficit weak_deficit y uso prudente para priorizacion observacional.",ATI prioriza submuestreo topologico local; no equivale a una conclusion sobre objetos ausentes.
orbital_pca2_cubes10_overlap0p35,cube6_cluster4,Kepler-732 c,Transit,2016.0,Kepler,2.15,0.8930412360000001,0.0143,0.33243845991560533,-0.049128487187839714,-1.8446639625349381,0.0,0.02875273986423155,0.9248223592411391,0.3488146223115519,0.5553505689592094,0.0,-1.1111111106851852,0.0,0.0,0.0,89,no_deficit,vecinos compatibles bajo referencia local en region fisico-orbital comparable,No preferred-method candidate dominated the filters; selected the least-imputed representative nearest to the medoid.,"Ancla Kepler-732 c en cube6_cluster4 con ATI=0.000, deficit no_deficit y uso prudente para priorizacion observacional.",ATI prioriza submuestreo topologico local; no equivale a una conclusion sobre objetos ausentes.
orbital_pca2_cubes10_overlap0p35,cube7_cluster1,GJ 1265 b,Radial Velocity,2018.0,Calar Alto Observatory,7.4,3.651100000000001,0.026,0.8692317197309762,0.5624237280068188,-1.585026652029182,0.0,0.2913256172548441,0.8043050827755512,0.6817571437287033,1.1814771421894408,0.2499999999375,0.2333333332783333,0.0,0.0,0.0,90,weak_deficit,menor masa planetaria o menor proxy RV a escala orbital comparable,"Selected among R3-valid preferred-method members, prioritizing lower imputation and medoid proximity.","Ancla GJ 1265 b en cube7_cluster1 con ATI=0.000, deficit weak_deficit y uso prudente para priorizacion observacional.",ATI prioriza submuestreo topologico local; no equivale a una conclusion sobre objetos ausentes.
orbital_pca2_cubes10_overlap0p35,cube7_cluster2,Wolf 1061 c,Radial Velocity,2015.0,La Silla Observatory,3.4100000000000006,17.8719,0.089,0.5327543789924978,1.2521707257374195,-1.0506099933550872,0.0,0.10847574981096313,0.6885074165328616,0.11536413708002463,0.4697992501385864,0.2499999999375,0.2333333332783333,0.0,0.0,0.0,91,weak_deficit,menor masa planetaria o menor proxy RV a escala orbital comparable,"Selected among R3-valid preferred-method members, prioritizing lower imputation and medoid proximity.","Ancla Wolf 1061 c en cube7_cluster2 con ATI=0.000, deficit weak_deficit y uso prudente para priorizacion observacional.",ATI prioriza submuestreo topologico local; no equivale a una conclusion sobre objetos ausentes.
orbital_pca2_cubes10_overlap0p35,cube7_cluster3,K2-146 b,Transit,2018.0,K2,5.769999999999999,2.6446000000000005,0.0247999999999999,0.7611758131557314,0.4223599936000717,-1.6055483191737856,0.0,0.1604122190294254,0.9741329012585604,0.6203891486223742,0.9405038194385617,0.0,,0.0,0.0,0.0,92,no_deficit,vecinos compatibles bajo referencia local en region fisico-orbital comparable,No preferred-method candidate dominated the filters; selected the least-imputed representative nearest to the medoid.,"Ancla K2-146 b en cube7_cluster3 con ATI=0.000, deficit no_deficit y uso prudente para priorizacion observacional.",ATI prioriza submuestreo topologico local; no equivale a una conclusion sobre objetos ausentes.
orbital_pca2_cubes10_overlap0p35,cube17_cluster3,HD 11977 b,Radial Velocity,2005.0,La Silla Observatory,2080.0,710.9999999999998,1.9299999999999995,3.3180633349627615,2.851869600729766,0.28555730900777365,0.0,0.12225775230346839,0.9285642993224474,2.367440134719506,2.1800845565543545,0.3333333332222222,0.277777777699074,0.0,0.0,0.0,93,moderate_deficit,menor masa planetaria o menor proxy RV a escala orbital comparable,"Selected among R3-valid preferred-method members, prioritizing lower imputation and medoid proximity.","Ancla HD 11977 b en cube17_cluster3 con ATI=0.000, deficit moderate_deficit y uso prudente para priorizacion observacional.",ATI prioriza submuestreo topologico local; no equivale a una conclusion sobre objetos ausentes.
orbital_pca2_cubes10_overlap0p35,cube13_cluster9,GJ 667 C b,Radial Velocity,2012.0,La Silla Observatory,5.680000000000001,7.202999999999999,0.050431,0.7543483357110189,0.8575134147766897,-1.2973024200983314,0.0,0.45564402903152795,0.13637340815144985,0.4685105307854557,0.7895012375335306,0.3333333332222222,0.3055555554606481,0.0,0.0,0.0,94,moderate_deficit,menor masa planetaria o menor proxy RV a escala orbital comparable,"Selected among R3-valid preferred-method members, prioritizing lower imputation and medoid proximity.","Ancla GJ 667 C b en cube13_cluster9 con ATI=0.000, deficit moderate_deficit y uso prudente para priorizacion observacional.",ATI prioriza submuestreo topologico local; no equivale a una conclusion sobre objetos ausentes.
orbital_pca2_cubes10_overlap0p35,cube13_cluster4,Wolf 1061 c,Radial Velocity,2015.0,La Silla Observatory,3.4100000000000006,17.8719,0.089,0.5327543789924978,1.2521707257374195,-1.0506099933550872,0.0,0.10847574981096313,0.6885074165328616,0.11536413708002463,0.4697992501385864,0.2499999999375,0.2333333332783333,0.0,0.0,0.0,95,weak_deficit,menor masa planetaria o menor proxy RV a escala orbital comparable,"Selected among R3-valid preferred-method members, prioritizing lower imputation and medoid proximity.","Ancla Wolf 1061 c en cube13_cluster4 con ATI=0.000, deficit weak_deficit y uso prudente para priorizacion observacional.",ATI prioriza submuestreo topologico local; no equivale a una conclusion sobre objetos ausentes.
orbital_pca2_cubes10_overlap0p35,cube8_cluster1,TOI-1680 b,Transit,2023.0,Transiting Exoplanet Survey Satellite (TESS),2.75,4.802634500000001,0.03144,0.43933269383026263,0.6814795363218359,-1.5025174626326296,0.0,0.0179759374864658,0.9968891040168002,0.21217284838965067,0.7089797234581774,0.3333333332222222,0.3055555554606481,0.0,0.0,0.0,96,moderate_deficit,vecinos compatibles bajo referencia local en region fisico-orbital comparable,No preferred-method candidate dominated the filters; selected the least-imputed representative nearest to the medoid.,"Ancla TOI-1680 b en cube8_cluster1 con ATI=0.000, deficit moderate_deficit y uso prudente para priorizacion observacional.",ATI prioriza submuestreo topologico local; no equivale a una conclusion sobre objetos ausentes.
orbital_pca2_cubes10_overlap0p35,cube7_cluster8,TOI-1680 b,Transit,2023.0,Transiting Exoplanet Survey Satellite (TESS),2.75,4.802634500000001,0.03144,0.43933269383026263,0.6814795363218359,-1.5025174626326296,0.0,0.0179759374864658,0.9968891040168002,0.21217284838965067,0.7089797234581774,0.3333333332222222,0.3055555554606481,0.0,0.0,0.0,97,moderate_deficit,vecinos compatibles bajo referencia local en region fisico-orbital comparable,No preferred-method candidate dominated the filters; selected the least-imputed representative nearest to the medoid.,"Ancla TOI-1680 b en cube7_cluster8 con ATI=0.000, deficit moderate_deficit y uso prudente para priorizacion observacional.",ATI prioriza submuestreo topologico local; no equivale a una conclusion sobre objetos ausentes.
orbital_pca2_cubes10_overlap0p35,cube7_cluster7,GJ 667 C b,Radial Velocity,2012.0,La Silla Observatory,5.680000000000001,7.202999999999999,0.050431,0.7543483357110189,0.8575134147766897,-1.2973024200983314,0.0,0.45564402903152795,0.13637340815144985,0.4685105307854557,0.7895012375335306,0.3333333332222222,0.3055555554606481,0.0,0.0,0.0,98,moderate_deficit,menor masa planetaria o menor proxy RV a escala orbital comparable,"Selected among R3-valid preferred-method members, prioritizing lower imputation and medoid proximity.","Ancla GJ 667 C b en cube7_cluster7 con ATI=0.000, deficit moderate_deficit y uso prudente para priorizacion observacional.",ATI prioriza submuestreo topologico local; no equivale a una conclusion sobre objetos ausentes.
orbital_pca2_cubes10_overlap0p35,cube7_cluster5,G 264-012 b,Radial Velocity,2021.0,Calar Alto Observatory,2.5,2.30538,0.02279,0.3979400086720376,0.36274252117951544,-1.6422556748196244,0.0,0.1451648806331757,0.8819887044860202,0.27702583494553246,0.6285215354007243,0.2499999999375,0.2333333332783333,0.0,0.0,0.0,99,weak_deficit,menor masa planetaria o menor proxy RV a escala orbital comparable,"Selected among R3-valid preferred-method members, prioritizing lower imputation and medoid proximity.","Ancla G 264-012 b en cube7_cluster5 con ATI=0.000, deficit weak_deficit y uso prudente para priorizacion observacional.",ATI prioriza submuestreo topologico local; no equivale a una conclusion sobre objetos ausentes.
orbital_pca2_cubes10_overlap0p35,cube7_cluster9,GJ 3988 b,Radial Velocity,2023.0,Calar Alto Observatory,3.69,6.9442,0.0404999999999999,0.5670263661590603,0.841622220469927,-1.3925449767853326,0.0,0.09984520976413741,0.9327078793719039,0.286485626002418,0.7762925420951978,0.3333333332222222,0.3055555554606481,0.0,0.0,0.0,100,moderate_deficit,menor masa planetaria o menor proxy RV a escala orbital comparable,"Selected among R3-valid preferred-method members, prioritizing lower imputation and medoid proximity.","Ancla GJ 3988 b en cube7_cluster9 con ATI=0.000, deficit moderate_deficit y uso prudente para priorizacion observacional.",ATI prioriza submuestreo topologico local; no equivale a una conclusion sobre objetos ausentes.
orbital_pca2_cubes10_overlap0p35,cube8_cluster0,GJ 1265 b,Radial Velocity,2018.0,Calar Alto Observatory,7.4,3.651100000000001,0.026,0.8692317197309762,0.5624237280068188,-1.585026652029182,0.0,0.2913256172548441,0.8043050827755512,0.6817571437287033,1.1814771421894408,0.2499999999375,0.2333333332783333,0.0,0.0,0.0,101,weak_deficit,menor masa planetaria o menor proxy RV a escala orbital comparable,"Selected among R3-valid preferred-method members, prioritizing lower imputation and medoid proximity.","Ancla GJ 1265 b en cube8_cluster0 con ATI=0.000, deficit weak_deficit y uso prudente para priorizacion observacional.",ATI prioriza submuestreo topologico local; no equivale a una conclusion sobre objetos ausentes.
orbital_pca2_cubes10_overlap0p35,cube17_cluster8,HD 111591 b,Radial Velocity,2017.0,Multiple Observatories,1398.4520000000002,1056.4,2.5000000000000004,3.145647564384425,3.0238283925348863,0.39794000867203766,0.0,0.017903936289959864,0.9989168781364555,2.137704766872796,1.9458369469193122,0.3333333332222222,0.277777777699074,0.0,0.0,0.0,102,moderate_deficit,menor masa planetaria o menor proxy RV a escala orbital comparable,"Selected among R3-valid preferred-method members, prioritizing lower imputation and medoid proximity.","Ancla HD 111591 b en cube17_cluster8 con ATI=0.000, deficit moderate_deficit y uso prudente para priorizacion observacional.",ATI prioriza submuestreo topologico local; no equivale a una conclusion sobre objetos ausentes.
orbital_pca2_cubes10_overlap0p35,cube17_cluster11,HD 86950 b,Radial Velocity,2016.0,Multiple Observatories,1144.1880000000003,1269.9999999999998,2.72,3.0584973886655247,3.103803720955957,0.43456890403419873,0.0,0.14239342293555812,0.72386682647861,2.0238961483468723,1.8771574229868355,0.3333333332222222,0.3055555554606481,0.0,0.0,0.0,103,moderate_deficit,menor masa planetaria o menor proxy RV a escala orbital comparable,"Selected among R3-valid preferred-method members, prioritizing lower imputation and medoid proximity.","Ancla HD 86950 b en cube17_cluster11 con ATI=0.000, deficit moderate_deficit y uso prudente para priorizacion observacional.",ATI prioriza submuestreo topologico local; no equivale a una conclusion sobre objetos ausentes.
orbital_pca2_cubes10_overlap0p35,cube24_cluster2,HD 11977 b,Radial Velocity,2005.0,La Silla Observatory,2080.0,710.9999999999998,1.9299999999999995,3.3180633349627615,2.851869600729766,0.28555730900777365,0.0,0.12225775230346839,0.9285642993224474,2.367440134719506,2.1800845565543545,0.3333333332222222,0.277777777699074,0.0,0.0,0.0,104,moderate_deficit,menor masa planetaria o menor proxy RV a escala orbital comparable,"Selected among R3-valid preferred-method members, prioritizing lower imputation and medoid proximity.","Ancla HD 11977 b en cube24_cluster2 con ATI=0.000, deficit moderate_deficit y uso prudente para priorizacion observacional.",ATI prioriza submuestreo topologico local; no equivale a una conclusion sobre objetos ausentes.
orbital_pca2_cubes10_overlap0p35,cube19_cluster6,TYC 2187-512-1 b,Radial Velocity,2022.0,Calar Alto Observatory,104.88337431,691.9000000000001,1.2199999999999998,2.02070665103748,2.840043330603494,0.08635983067474814,0.0,0.41436383185707026,0.6327808665702924,1.0740255408363155,1.2758726456631706,0.3333333332222222,0.3055555554606481,0.0,0.0,0.0,105,moderate_deficit,menor masa planetaria o menor proxy RV a escala orbital comparable,"Selected among R3-valid preferred-method members, prioritizing lower imputation and medoid proximity.","Ancla TYC 2187-512-1 b en cube19_cluster6 con ATI=0.000, deficit moderate_deficit y uso prudente para priorizacion observacional.",ATI prioriza submuestreo topologico local; no equivale a una conclusion sobre objetos ausentes.
orbital_pca2_cubes10_overlap0p35,cube18_cluster3,HD 86950 b,Radial Velocity,2016.0,Multiple Observatories,1144.1880000000003,1269.9999999999998,2.72,3.0584973886655247,3.103803720955957,0.43456890403419873,0.0,0.14239342293555812,0.72386682647861,2.0238961483468723,1.8771574229868355,0.3333333332222222,0.3055555554606481,0.0,0.0,0.0,106,moderate_deficit,menor masa planetaria o menor proxy RV a escala orbital comparable,"Selected among R3-valid preferred-method members, prioritizing lower imputation and medoid proximity.","Ancla HD 86950 b en cube18_cluster3 con ATI=0.000, deficit moderate_deficit y uso prudente para priorizacion observacional.",ATI prioriza submuestreo topologico local; no equivale a una conclusion sobre objetos ausentes.
orbital_pca2_cubes10_overlap0p35,cube18_cluster1,HD 11977 b,Radial Velocity,2005.0,La Silla Observatory,2080.0,710.9999999999998,1.9299999999999995,3.3180633349627615,2.851869600729766,0.28555730900777365,0.0,0.12225775230346839,0.9285642993224474,2.367440134719506,2.1800845565543545,0.3333333332222222,0.277777777699074,0.0,0.0,0.0,107,moderate_deficit,menor masa planetaria o menor proxy RV a escala orbital comparable,"Selected among R3-valid preferred-method members, prioritizing lower imputation and medoid proximity.","Ancla HD 11977 b en cube18_cluster1 con ATI=0.000, deficit moderate_deficit y uso prudente para priorizacion observacional.",ATI prioriza submuestreo topologico local; no equivale a una conclusion sobre objetos ausentes.
orbital_pca2_cubes10_overlap0p35,cube18_cluster2,HD 111591 b,Radial Velocity,2017.0,Multiple Observatories,1398.4520000000002,1056.4,2.5000000000000004,3.145647564384425,3.0238283925348863,0.39794000867203766,0.0,0.017903936289959864,0.9989168781364555,2.137704766872796,1.9458369469193122,0.3333333332222222,0.277777777699074,0.0,0.0,0.0,108,moderate_deficit,menor masa planetaria o menor proxy RV a escala orbital comparable,"Selected among R3-valid preferred-method members, prioritizing lower imputation and medoid proximity.","Ancla HD 111591 b en cube18_cluster2 con ATI=0.000, deficit moderate_deficit y uso prudente para priorizacion observacional.",ATI prioriza submuestreo topologico local; no equivale a una conclusion sobre objetos ausentes.
orbital_pca2_cubes10_overlap0p35,cube25_cluster1,HD 62549 b,Radial Velocity,2022.0,Multiple Observatories,2707.5801992300003,14306.885190000006,11.841999999999995,3.4325813294034333,4.155545092037885,1.0734250567459813,0.0,0.07320484617523754,0.967802135150556,2.0473996320574717,2.025117128399505,0.2499999999375,0.18055555552025462,0.0,0.0,0.0,109,weak_deficit,menor masa planetaria o menor proxy RV a escala orbital comparable,"Selected among R3-valid preferred-method members, prioritizing lower imputation and medoid proximity.","Ancla HD 62549 b en cube25_cluster1 con ATI=0.000, deficit weak_deficit y uso prudente para priorizacion observacional.",ATI prioriza submuestreo topologico local; no equivale a una conclusion sobre objetos ausentes.
orbital_pca2_cubes10_overlap0p35,cube24_cluster6,HD 86950 b,Radial Velocity,2016.0,Multiple Observatories,1144.1880000000003,1269.9999999999998,2.72,3.0584973886655247,3.103803720955957,0.43456890403419873,0.0,0.14239342293555812,0.72386682647861,2.0238961483468723,1.8771574229868355,0.3333333332222222,0.3055555554606481,0.0,0.0,0.0,110,moderate_deficit,menor masa planetaria o menor proxy RV a escala orbital comparable,"Selected among R3-valid preferred-method members, prioritizing lower imputation and medoid proximity.","Ancla HD 86950 b en cube24_cluster6 con ATI=0.000, deficit moderate_deficit y uso prudente para priorizacion observacional.",ATI prioriza submuestreo topologico local; no equivale a una conclusion sobre objetos ausentes.
orbital_pca2_cubes10_overlap0p35,cube24_cluster5,HD 111591 b,Radial Velocity,2017.0,Multiple Observatories,1398.4520000000002,1056.4,2.5000000000000004,3.145647564384425,3.0238283925348863,0.39794000867203766,0.0,0.017903936289959864,0.9989168781364555,2.137704766872796,1.9458369469193122,0.3333333332222222,0.277777777699074,0.0,0.0,0.0,111,moderate_deficit,menor masa planetaria o menor proxy RV a escala orbital comparable,"Selected among R3-valid preferred-method members, prioritizing lower imputation and medoid proximity.","Ancla HD 111591 b en cube24_cluster5 con ATI=0.000, deficit moderate_deficit y uso prudente para priorizacion observacional.",ATI prioriza submuestreo topologico local; no equivale a una conclusion sobre objetos ausentes.
orbital_pca2_cubes10_overlap0p35,cube25_cluster6,HD 142 c,Radial Velocity,2012.0,Anglo-Australian Telescope,3464.647464709999,10159.642790000002,9.810999999999996,3.539659050803469,4.006878438552321,0.9917132757130893,0.0,0.37799101820898845,0.870615238849984,2.204032904619362,2.1488426577417283,0.2499999999375,0.19761904757807824,0.0,0.0,0.0,112,weak_deficit,menor masa planetaria o menor proxy RV a escala orbital comparable,"Selected among R3-valid preferred-method members, prioritizing lower imputation and medoid proximity.","Ancla HD 142 c en cube25_cluster6 con ATI=0.000, deficit weak_deficit y uso prudente para priorizacion observacional.",ATI prioriza submuestreo topologico local; no equivale a una conclusion sobre objetos ausentes.
orbital_pca2_cubes10_overlap0p35,cube25_cluster4,HD 238914 b,Radial Velocity,2018.0,Multiple Observatories,1906.98,4100.0,5.700000000000001,3.280346138281881,3.6127838567197355,0.7558748556724915,0.0,0.2583690894469557,0.8173174800169877,2.076084852708636,1.9645399628765186,0.0,,0.0,0.0,0.0,113,no_deficit,menor masa planetaria o menor proxy RV a escala orbital comparable,"Selected among R3-valid preferred-method members, prioritizing lower imputation and medoid proximity.","Ancla HD 238914 b en cube25_cluster4 con ATI=0.000, deficit no_deficit y uso prudente para priorizacion observacional.",ATI prioriza submuestreo topologico local; no equivale a una conclusion sobre objetos ausentes.
orbital_pca2_cubes10_overlap0p35,cube25_cluster8,HD 86950 b,Radial Velocity,2016.0,Multiple Observatories,1144.1880000000003,1269.9999999999998,2.72,3.0584973886655247,3.103803720955957,0.43456890403419873,0.0,0.14239342293555812,0.72386682647861,2.0238961483468723,1.8771574229868355,0.3333333332222222,0.3055555554606481,0.0,0.0,0.0,114,moderate_deficit,menor masa planetaria o menor proxy RV a escala orbital comparable,"Selected among R3-valid preferred-method members, prioritizing lower imputation and medoid proximity.","Ancla HD 86950 b en cube25_cluster8 con ATI=0.000, deficit moderate_deficit y uso prudente para priorizacion observacional.",ATI prioriza submuestreo topologico local; no equivale a una conclusion sobre objetos ausentes.
orbital_pca2_cubes10_overlap0p35,cube25_cluster7,HD 111591 b,Radial Velocity,2017.0,Multiple Observatories,1398.4520000000002,1056.4,2.5000000000000004,3.145647564384425,3.0238283925348863,0.39794000867203766,0.0,0.017903936289959864,0.9989168781364555,2.137704766872796,1.9458369469193122,0.3333333332222222,0.277777777699074,0.0,0.0,0.0,115,moderate_deficit,menor masa planetaria o menor proxy RV a escala orbital comparable,"Selected among R3-valid preferred-method members, prioritizing lower imputation and medoid proximity.","Ancla HD 111591 b en cube25_cluster7 con ATI=0.000, deficit moderate_deficit y uso prudente para priorizacion observacional.",ATI prioriza submuestreo topologico local; no equivale a una conclusion sobre objetos ausentes.
orbital_pca2_cubes10_overlap0p35,cube25_cluster3,HD 11977 b,Radial Velocity,2005.0,La Silla Observatory,2080.0,710.9999999999998,1.9299999999999995,3.3180633349627615,2.851869600729766,0.28555730900777365,0.0,0.12225775230346839,0.9285642993224474,2.367440134719506,2.1800845565543545,0.3333333332222222,0.277777777699074,0.0,0.0,0.0,116,moderate_deficit,menor masa planetaria o menor proxy RV a escala orbital comparable,"Selected among R3-valid preferred-method members, prioritizing lower imputation and medoid proximity.","Ancla HD 11977 b en cube25_cluster3 con ATI=0.000, deficit moderate_deficit y uso prudente para priorizacion observacional.",ATI prioriza submuestreo topologico local; no equivale a una conclusion sobre objetos ausentes.
orbital_pca2_cubes10_overlap0p35,cube26_cluster1,HD 62549 b,Radial Velocity,2022.0,Multiple Observatories,2707.5801992300003,14306.885190000006,11.841999999999995,3.4325813294034333,4.155545092037885,1.0734250567459813,0.0,0.07320484617523754,0.967802135150556,2.0473996320574717,2.025117128399505,0.2499999999375,0.18055555552025462,0.0,0.0,0.0,117,weak_deficit,menor masa planetaria o menor proxy RV a escala orbital comparable,"Selected among R3-valid preferred-method members, prioritizing lower imputation and medoid proximity.","Ancla HD 62549 b en cube26_cluster1 con ATI=0.000, deficit weak_deficit y uso prudente para priorizacion observacional.",ATI prioriza submuestreo topologico local; no equivale a una conclusion sobre objetos ausentes.
orbital_pca2_cubes10_overlap0p35,cube26_cluster9,TYC 2187-512-1 b,Radial Velocity,2022.0,Calar Alto Observatory,104.88337431,691.9000000000001,1.2199999999999998,2.02070665103748,2.840043330603494,0.08635983067474814,0.0,0.41436383185707026,0.6327808665702924,1.0740255408363155,1.2758726456631706,0.3333333332222222,0.3055555554606481,0.0,0.0,0.0,118,moderate_deficit,menor masa planetaria o menor proxy RV a escala orbital comparable,"Selected among R3-valid preferred-method members, prioritizing lower imputation and medoid proximity.","Ancla TYC 2187-512-1 b en cube26_cluster9 con ATI=0.000, deficit moderate_deficit y uso prudente para priorizacion observacional.",ATI prioriza submuestreo topologico local; no equivale a una conclusion sobre objetos ausentes.
orbital_pca2_cubes10_overlap0p35,cube32_cluster0,HD 62549 b,Radial Velocity,2022.0,Multiple Observatories,2707.5801992300003,14306.885190000006,11.841999999999995,3.4325813294034333,4.155545092037885,1.0734250567459813,0.0,0.07320484617523754,0.967802135150556,2.0473996320574717,2.025117128399505,0.2499999999375,0.18055555552025462,0.0,0.0,0.0,119,weak_deficit,menor masa planetaria o menor proxy RV a escala orbital comparable,"Selected among R3-valid preferred-method members, prioritizing lower imputation and medoid proximity.","Ancla HD 62549 b en cube32_cluster0 con ATI=0.000, deficit weak_deficit y uso prudente para priorizacion observacional.",ATI prioriza submuestreo topologico local; no equivale a una conclusion sobre objetos ausentes.
orbital_pca2_cubes10_overlap0p35,cube32_cluster2,HD 11112 b,Radial Velocity,2022.0,Multiple Observatories,2598.5650556300006,17244.907640000005,13.38,3.414733593949896,4.2366608727222115,1.1264561134318043,0.0,0.0366710884934196,0.9873066555320752,2.002513303042492,1.982924117919019,0.2499999999375,0.166666666625,0.0,0.0,0.0,120,weak_deficit,menor masa planetaria o menor proxy RV a escala orbital comparable,"Selected among R3-valid preferred-method members, prioritizing lower imputation and medoid proximity.","Ancla HD 11112 b en cube32_cluster2 con ATI=0.000, deficit weak_deficit y uso prudente para priorizacion observacional.",ATI prioriza submuestreo topologico local; no equivale a una conclusion sobre objetos ausentes.
orbital_pca2_cubes10_overlap0p35,cube32_cluster5,HD 151450 c,Radial Velocity,2022.0,Multiple Observatories,1636.1806392400003,18144.76236,14.131000000000006,3.2138312493930035,4.2587512846657285,1.1501728963931315,0.0,0.8483074535004754,0.6586049548432704,1.7942474878377608,1.7563109202801124,0.0,,0.0,0.0,0.0,121,no_deficit,menor masa planetaria o menor proxy RV a escala orbital comparable,"Selected among R3-valid preferred-method members, prioritizing lower imputation and medoid proximity.","Ancla HD 151450 c en cube32_cluster5 con ATI=0.000, deficit no_deficit y uso prudente para priorizacion observacional.",ATI prioriza submuestreo topologico local; no equivale a una conclusion sobre objetos ausentes.
orbital_pca2_cubes10_overlap0p35,cube32_cluster4,HD 142 c,Radial Velocity,2012.0,Anglo-Australian Telescope,3464.647464709999,10159.642790000002,9.810999999999996,3.539659050803469,4.006878438552321,0.9917132757130893,0.0,0.37799101820898845,0.870615238849984,2.204032904619362,2.1488426577417283,0.2499999999375,0.19761904757807824,0.0,0.0,0.0,122,weak_deficit,menor masa planetaria o menor proxy RV a escala orbital comparable,"Selected among R3-valid preferred-method members, prioritizing lower imputation and medoid proximity.","Ancla HD 142 c en cube32_cluster4 con ATI=0.000, deficit weak_deficit y uso prudente para priorizacion observacional.",ATI prioriza submuestreo topologico local; no equivale a una conclusion sobre objetos ausentes.
orbital_pca2_cubes10_overlap0p35,cube33_cluster0,HD 62549 b,Radial Velocity,2022.0,Multiple Observatories,2707.5801992300003,14306.885190000006,11.841999999999995,3.4325813294034333,4.155545092037885,1.0734250567459813,0.0,0.07320484617523754,0.967802135150556,2.0473996320574717,2.025117128399505,0.2499999999375,0.18055555552025462,0.0,0.0,0.0,123,weak_deficit,menor masa planetaria o menor proxy RV a escala orbital comparable,"Selected among R3-valid preferred-method members, prioritizing lower imputation and medoid proximity.","Ancla HD 62549 b en cube33_cluster0 con ATI=0.000, deficit weak_deficit y uso prudente para priorizacion observacional.",ATI prioriza submuestreo topologico local; no equivale a una conclusion sobre objetos ausentes.
orbital_pca2_cubes10_overlap0p35,cube33_cluster2,HD 155918 c,Radial Velocity,2022.0,Multiple Observatories,1878.0480569599997,17202.194460000013,13.182999999999993,3.273706701138565,4.2355838527841225,1.120014252078067,0.0,0.12396470763781259,0.854135829055875,1.8618454168771912,1.853287267073743,0.2499999999375,0.2333333332783333,0.0,0.0,0.0,124,weak_deficit,menor masa planetaria o menor proxy RV a escala orbital comparable,"Selected among R3-valid preferred-method members, prioritizing lower imputation and medoid proximity.","Ancla HD 155918 c en cube33_cluster2 con ATI=0.000, deficit weak_deficit y uso prudente para priorizacion observacional.",ATI prioriza submuestreo topologico local; no equivale a una conclusion sobre objetos ausentes.
